n,path,true,answer,pred,correct,t_start,t_end,latency_s,E_im_J,Ppeak_W
0,/home/htj/resisc45/imgs450/church_s0005000.png,church,airport,airport,0,1782537621.0299594,1782537622.91462,1.8846604824066162,1.5944227681159973,1.2588
1,/home/htj/resisc45/imgs450/church_s0005001.png,church,airport,airport,0,1782537622.9194458,1782537624.0752497,1.155803918838501,2.012034469570432,3.349
2,/home/htj/resisc45/imgs450/airport_s0005002.png,airport,airport,airport,1,1782537624.079367,1782537625.2256224,1.1462554931640625,3.5764890769958497,3.35395
3,/home/htj/resisc45/imgs450/dense_residential_s0005003.png,dense_residential,dense residential,dense_residential,1,1782537625.2304194,1782537626.48554,1.2551205158233643,4.052347581935965,3.5397999999999996
4,/home/htj/resisc45/imgs450/stadium_s0005004.png,stadium,airport,airport,0,1782537626.4904685,1782537627.6395464,1.1490778923034668,3.550650687217712,3.347
5,/home/htj/resisc45/imgs450/commercial_area_s0005005.png,commercial_area,airport,airport,0,1782537627.6443686,1782537628.8012285,1.1568598747253418,3.539054711046673,3.451
6,/home/htj/resisc45/imgs450/sparse_residential_s0005006.png,sparse_residential,forest,forest,0,1782537628.805791,1782537629.964494,1.158703088760376,3.5898828743298847,3.349
7,/home/htj/resisc45/imgs450/chaparral_s0005007.png,chaparral,chaparral,chaparral,1,1782537629.9688716,1782537631.274821,1.3059494495391846,3.9301696977719014,3.045
8,/home/htj/resisc45/imgs450/railway_s0005008.png,railway,freeway,freeway,0,1782537631.2800229,1782537632.5164127,1.2363898754119873,3.7252426946163175,3.14105
9,/home/htj/resisc45/imgs450/basketball_court_s0005009.png,basketball_court,airport,airport,0,1782537632.521069,1782537633.6919045,1.1708354949951172,3.520981103806269,3.047
10,/home/htj/resisc45/imgs450/golf_course_s0005010.png,golf_course,golf course,golf_course,1,1782537633.6965802,1782537635.016652,1.3200719356536865,3.9508605145475144,3.047
11,/home/htj/resisc45/imgs450/lake_s0005011.png,lake,lake,lake,1,1782537635.0214481,1782537636.1774948,1.1560466289520264,3.427042429196834,3.047
12,/home/htj/resisc45/imgs450/river_s0005012.png,river,river,river,1,1782537636.1818535,1782537637.3404098,1.1585562229156494,3.4610487926006317,3.047
13,/home/htj/resisc45/imgs450/forest_s0005013.png,forest,chaparral,chaparral,0,1782537637.3449547,1782537638.6571927,1.3122379779815674,3.9501786366752953,3.047
14,/home/htj/resisc45/imgs450/chaparral_s0005014.png,chaparral,desert,desert,0,1782537638.6614132,1782537639.897505,1.2360918521881104,3.707320394678549,3.047
15,/home/htj/resisc45/imgs450/commercial_area_s0005015.png,commercial_area,airport,airport,0,1782537639.902341,1782537641.0634284,1.1610875129699707,3.485916453225272,3.047
16,/home/htj/resisc45/imgs450/baseball_diamond_s0005016.png,baseball_diamond,baseball diamond,baseball_diamond,1,1782537641.0678504,1782537642.3867142,1.318863868713379,3.9611526770194376,3.047
17,/home/htj/resisc45/imgs450/parking_lot_s0005017.png,parking_lot,parking lot,parking_lot,1,1782537642.391303,1782537643.7135398,1.3222367763519287,3.980507582374241,3.047
18,/home/htj/resisc45/imgs450/wetland_s0005018.png,wetland,forest,forest,0,1782537643.718036,1782537644.8763053,1.1582694053649902,3.465431749480111,3.047
19,/home/htj/resisc45/imgs450/sparse_residential_s0005019.png,sparse_residential,airport,airport,0,1782537644.8783374,1782537646.0295503,1.1512129306793213,3.4539265952706337,3.047
20,/home/htj/resisc45/imgs450/tennis_court_s0005020.png,tennis_court,golf course,golf_course,0,1782537646.0339,1782537647.342157,1.3082568645477295,3.9444513273446455,3.047
21,/home/htj/resisc45/imgs450/baseball_diamond_s0005021.png,baseball_diamond,golf course,golf_course,0,1782537647.346501,1782537648.6597297,1.3132286071777344,3.953160688980766,3.047
22,/home/htj/resisc45/imgs450/ground_track_field_s0005022.png,ground_track_field,airport,airport,0,1782537648.6643336,1782537649.8226109,1.1582772731781006,3.4947431574208396,3.047
23,/home/htj/resisc45/imgs450/chaparral_s0005023.png,chaparral,chaparral,chaparral,1,1782537649.8249557,1782537651.1440687,1.31911301612854,3.9774125073267066,3.047
24,/home/htj/resisc45/imgs450/mobile_home_park_s0005024.png,mobile_home_park,Mobile home park,mobile_home_park,1,1782537651.148666,1782537652.4739285,1.3252625465393066,3.9790719859289085,3.0479000000000003
25,/home/htj/resisc45/imgs450/roundabout_s0005025.png,roundabout,freeway,freeway,0,1782537652.4786174,1782537653.714754,1.2361366748809814,3.7197038188089024,3.047
26,/home/htj/resisc45/imgs450/golf_course_s0005026.png,golf_course,chaparral,chaparral,0,1782537653.7192035,1782537655.0270243,1.3078207969665527,3.9395921807289125,3.047
27,/home/htj/resisc45/imgs450/baseball_diamond_s0005027.png,baseball_diamond,golf course,golf_course,0,1782537655.0314102,1782537656.3408422,1.309432029724121,3.9551679116953977,3.048
28,/home/htj/resisc45/imgs450/parking_lot_s0005028.png,parking_lot,Parking lot,parking_lot,1,1782537656.3455603,1782537657.5808825,1.2353222370147705,3.7299431926445528,3.048
29,/home/htj/resisc45/imgs450/railway_station_s0005029.png,railway_station,airport,airport,0,1782537657.585096,1782537658.741561,1.1564650535583496,3.4840437180201214,3.048
30,/home/htj/resisc45/imgs450/golf_course_s0005030.png,golf_course,golf course,golf_course,1,1782537658.746015,1782537660.0627367,1.3167216777801514,3.965278708250626,3.048
31,/home/htj/resisc45/imgs450/dense_residential_s0005031.png,dense_residential,dense residential,dense_residential,1,1782537660.0674858,1782537661.3080993,1.2406134605407715,3.72883293021809,3.048
32,/home/htj/resisc45/imgs450/desert_s0005032.png,desert,lake,lake,0,1782537661.3100839,1782537662.4646008,1.1545169353485107,3.4720722405683424,3.047
33,/home/htj/resisc45/imgs450/intersection_s0005033.png,intersection,airport,airport,0,1782537662.4692419,1782537663.6224144,1.153172492980957,3.473026071003505,3.047
34,/home/htj/resisc45/imgs450/stadium_s0005034.png,stadium,airport,airport,0,1782537663.6270382,1782537664.7847779,1.1577396392822266,3.4966052585601806,3.05195
35,/home/htj/resisc45/imgs450/beach_s0005035.png,beach,beach,beach,1,1782537664.7890215,1782537666.0231864,1.2341649532318115,3.7298147838874294,3.14105
36,/home/htj/resisc45/imgs450/terrace_s0005036.png,terrace,medium residential,medium_residential,0,1782537666.0279078,1782537667.2631807,1.2352728843688965,3.7432698810100558,3.146
37,/home/htj/resisc45/imgs450/terrace_s0005037.png,terrace,ground track field,ground_track_field,0,1782537667.267639,1782537668.584401,1.3167619705200195,3.9640570471684144,3.0467
38,/home/htj/resisc45/imgs450/ground_track_field_s0005038.png,ground_track_field,football field,,0,1782537668.5890427,1782537669.834712,1.2456693649291992,3.7478227697285735,3.047
39,/home/htj/resisc45/imgs450/sparse_residential_s0005039.png,sparse_residential,church,church,0,1782537669.8393154,1782537670.9989855,1.159670114517212,3.474813442184811,3.045
40,/home/htj/resisc45/imgs450/overpass_s0005040.png,overpass,freeway,freeway,0,1782537671.0011039,1782537672.2251775,1.2240736484527588,3.7227418032125996,3.146
41,/home/htj/resisc45/imgs450/palace_s0005041.png,palace,palace,palace,1,1782537672.2301898,1782537673.4674048,1.2372150421142578,3.768219595995816,3.146
42,/home/htj/resisc45/imgs450/rectangular_farmland_s0005042.png,rectangular_farmland,medium residential,medium_residential,0,1782537673.4718711,1782537674.7076862,1.2358150482177734,3.779627978151495,3.146
43,/home/htj/resisc45/imgs450/railway_s0005043.png,railway,railway,railway,1,1782537674.712289,1782537675.9474854,1.2351963520050049,3.72029912166162,3.045
44,/home/htj/resisc45/imgs450/airport_s0005044.png,airport,airport,airport,1,1782537675.9520423,1782537677.12271,1.1706676483154297,3.529507213592529,3.144
45,/home/htj/resisc45/imgs450/bridge_s0005045.png,bridge,bridge,bridge,1,1782537677.127205,1782537678.2920592,1.1648542881011963,3.4956722493398753,3.045
46,/home/htj/resisc45/imgs450/sparse_residential_s0005046.png,sparse_residential,farm,,0,1782537678.2967458,1782537679.450719,1.1539733409881592,3.4669975056648252,3.047
47,/home/htj/resisc45/imgs450/church_s0005047.png,church,church,church,1,1782537679.4554002,1782537680.6165674,1.1611671447753906,3.490966080256871,3.047
48,/home/htj/resisc45/imgs450/dense_residential_s0005048.png,dense_residential,dense residential,dense_residential,1,1782537680.6211948,1782537681.86391,1.2427151203155518,3.742944968288595,3.045
49,/home/htj/resisc45/imgs450/railway_s0005049.png,railway,railway station,railway_station,0,1782537681.8685734,1782537683.1837811,1.3152077198028564,3.9599260433614254,3.0467
50,/home/htj/resisc45/imgs450/runway_s0005050.png,runway,airport,airport,0,1782537683.1880527,1782537684.3375096,1.1494569778442383,3.4772797765254975,3.146
51,/home/htj/resisc45/imgs450/snowberg_s0005051.png,snowberg,mountain,mountain,0,1782537684.3422694,1782537685.596321,1.254051685333252,3.806701152822246,3.144
52,/home/htj/resisc45/imgs450/chaparral_s0005052.png,chaparral,beach,beach,0,1782537685.598694,1782537686.8463519,1.2476577758789062,3.745865625208075,3.045
53,/home/htj/resisc45/imgs450/overpass_s0005053.png,overpass,freeway,freeway,0,1782537686.8485396,1782537688.08575,1.2372105121612549,3.720741904800589,3.045
54,/home/htj/resisc45/imgs450/railway_station_s0005054.png,railway_station,freeway,freeway,0,1782537688.0905492,1782537689.3280084,1.2374591827392578,3.755407378890298,3.144
55,/home/htj/resisc45/imgs450/sea_ice_s0005055.png,sea_ice,lake,lake,0,1782537689.3325007,1782537690.4910543,1.1585536003112793,3.515382638658796,3.144
56,/home/htj/resisc45/imgs450/airplane_s0005056.png,airplane,airport,airport,0,1782537690.4952326,1782537691.6536334,1.1584007740020752,3.485627928972244,3.045
57,/home/htj/resisc45/imgs450/bridge_s0005057.png,bridge,railroad bridge,bridge,1,1782537691.6578276,1782537692.9632514,1.3054237365722656,3.930630870819092,3.047
58,/home/htj/resisc45/imgs450/commercial_area_s0005058.png,commercial_area,airport,airport,0,1782537692.9679132,1782537694.1369348,1.1690216064453125,3.5130769304547993,3.045
59,/home/htj/resisc45/imgs450/dense_residential_s0005059.png,dense_residential,dense residential,dense_residential,1,1782537694.1419408,1782537695.3777854,1.235844612121582,3.721128127098084,3.045
60,/home/htj/resisc45/imgs450/forest_s0005060.png,forest,chaparral,chaparral,0,1782537695.3799782,1782537696.6891966,1.309218406677246,3.9678425328627873,3.144
61,/home/htj/resisc45/imgs450/ship_s0005061.png,ship,harbor,harbor,0,1782537696.6937156,1782537697.9260027,1.2322871685028076,3.7279487499865613,3.045
62,/home/htj/resisc45/imgs450/baseball_diamond_s0005062.png,baseball_diamond,baseball diamond,baseball_diamond,1,1782537697.9304993,1782537699.2410824,1.3105831146240234,3.97767673475846,3.144
63,/home/htj/resisc45/imgs450/basketball_court_s0005063.png,basketball_court,basketball court,basketball_court,1,1782537699.24509,1782537700.556819,1.3117289543151855,3.970090259469074,3.146
64,/home/htj/resisc45/imgs450/sparse_residential_s0005064.png,sparse_residential,airport,airport,0,1782537700.5613346,1782537701.717841,1.1565062999725342,3.509776333502361,3.146
65,/home/htj/resisc45/imgs450/overpass_s0005065.png,overpass,freeway,freeway,0,1782537701.7226155,1782537702.9676316,1.245016098022461,3.7962804494337603,3.146
66,/home/htj/resisc45/imgs450/airport_s0005066.png,airport,airport,airport,1,1782537702.972367,1782537704.1308422,1.1584751605987549,3.485214596903324,3.144
67,/home/htj/resisc45/imgs450/airplane_s0005067.png,airplane,airport,airport,0,1782537704.1354697,1782537705.2943993,1.1589295864105225,3.522392638456821,3.146
68,/home/htj/resisc45/imgs450/island_s0005068.png,island,island,island,1,1782537705.2983577,1782537706.525639,1.2272813320159912,3.6962366589416153,3.045
69,/home/htj/resisc45/imgs450/wetland_s0005069.png,wetland,lake,lake,0,1782537706.5302706,1782537707.6901,1.1598293781280518,3.5415666210991996,3.144
70,/home/htj/resisc45/imgs450/baseball_diamond_s0005070.png,baseball_diamond,golf course,golf_course,0,1782537707.6945057,1782537709.01505,1.3205442428588867,4.025305927069291,3.144
71,/home/htj/resisc45/imgs450/tennis_court_s0005071.png,tennis_court,golf course,golf_course,0,1782537709.0199413,1782537710.3216755,1.301734209060669,3.956512650589148,3.144
72,/home/htj/resisc45/imgs450/parking_lot_s0005072.png,parking_lot,Parking lot,parking_lot,1,1782537710.3262072,1782537711.571456,1.245248794555664,3.818046008543535,3.144
73,/home/htj/resisc45/imgs450/roundabout_s0005073.png,roundabout,freeway,freeway,0,1782537711.5762162,1782537712.808271,1.2320547103881836,3.800552766626531,3.146
74,/home/htj/resisc45/imgs450/bridge_s0005074.png,bridge,freeway,freeway,0,1782537712.8124864,1782537714.0461473,1.2336609363555908,3.7489834345904263,3.144
75,/home/htj/resisc45/imgs450/meadow_s0005075.png,meadow,ground track field,ground_track_field,0,1782537714.0506465,1782537715.3624704,1.311823844909668,4.1656681016009784,3.5397999999999996
76,/home/htj/resisc45/imgs450/sparse_residential_s0005076.png,sparse_residential,house,,0,1782537715.3671367,1782537716.5392208,1.172084093093872,3.7633387688114532,3.446
77,/home/htj/resisc45/imgs450/wetland_s0005077.png,wetland,lake,lake,0,1782537716.5436397,1782537717.7135744,1.1699347496032715,3.747133869443621,3.55
78,/home/htj/resisc45/imgs450/tennis_court_s0005078.png,tennis_court,golf course,golf_course,0,1782537717.718287,1782537719.0369582,1.3186712265014648,4.347384310603141,3.7377
79,/home/htj/resisc45/imgs450/harbor_s0005079.png,harbor,harbor,harbor,1,1782537719.0415683,1782537720.2886024,1.2470340728759766,4.031037640571594,3.448
80,/home/htj/resisc45/imgs450/sparse_residential_s0005080.png,sparse_residential,forest,forest,0,1782537720.2931492,1782537721.448602,1.1554527282714844,3.6953028896876745,3.448
81,/home/htj/resisc45/imgs450/ship_s0005081.png,ship,harbor,harbor,0,1782537721.4529777,1782537722.6847477,1.2317700386047363,3.9866797194914385,3.55
82,/home/htj/resisc45/imgs450/dense_residential_s0005082.png,dense_residential,dense residential,dense_residential,1,1782537722.686831,1782537723.926497,1.2396659851074219,4.04035318773443,3.5499
83,/home/htj/resisc45/imgs450/runway_s0005083.png,runway,freeway,freeway,0,1782537723.9307213,1782537725.165269,1.2345476150512695,4.000495430772955,3.543
84,/home/htj/resisc45/imgs450/mountain_s0005084.png,mountain,desert,desert,0,1782537725.1700537,1782537726.4144144,1.2443606853485107,3.9871578832539645,3.448
85,/home/htj/resisc45/imgs450/storage_tank_s0005085.png,storage_tank,industrial area,industrial_area,0,1782537726.4196088,1782537727.7288177,1.309208869934082,4.2211170851666,3.5397999999999996
86,/home/htj/resisc45/imgs450/mobile_home_park_s0005086.png,mobile_home_park,Mobile home park,mobile_home_park,1,1782537727.7335293,1782537729.0600274,1.326498031616211,4.272705430587132,3.448
87,/home/htj/resisc45/imgs450/wetland_s0005087.png,wetland,chaparral,chaparral,0,1782537729.06452,1782537730.3763947,1.3118748664855957,4.231452381849289,3.5347
88,/home/htj/resisc45/imgs450/commercial_area_s0005088.png,commercial_area,commercial area,commercial_area,1,1782537730.381019,1782537731.6223192,1.241300106048584,4.0067474741285505,3.448
89,/home/htj/resisc45/imgs450/railway_s0005089.png,railway,railway,railway,1,1782537731.6268058,1782537732.8564706,1.2296648025512695,3.9298410273898736,3.448
90,/home/htj/resisc45/imgs450/ship_s0005090.png,ship,harbor,harbor,0,1782537732.8609812,1782537734.10809,1.2471086978912354,3.8417183438539504,3.146
91,/home/htj/resisc45/imgs450/golf_course_s0005091.png,golf_course,golf course,golf_course,1,1782537734.1127908,1782537735.4385002,1.325709342956543,4.192224369764328,3.448
92,/home/htj/resisc45/imgs450/baseball_diamond_s0005092.png,baseball_diamond,golf course,golf_course,0,1782537735.4433944,1782537736.747105,1.3037104606628418,4.197324169635773,3.55
93,/home/htj/resisc45/imgs450/desert_s0005093.png,desert,desert,desert,1,1782537736.7516334,1782537737.993256,1.2416226863861084,4.006321347204121,3.4479
94,/home/htj/resisc45/imgs450/airport_s0005094.png,airport,airport,airport,1,1782537737.9948962,1782537739.157753,1.1628568172454834,3.7518744596413205,3.55
95,/home/htj/resisc45/imgs450/circular_farmland_s0005095.png,circular_farmland,medium residential,medium_residential,0,1782537739.1592407,1782537740.3902576,1.2310168743133545,3.972211676846851,3.5447999999999995
96,/home/htj/resisc45/imgs450/terrace_s0005096.png,terrace,medium residential,medium_residential,0,1782537740.391786,1782537741.640402,1.2486159801483154,4.012086920575662,3.448
97,/home/htj/resisc45/imgs450/thermal_power_station_s0005097.png,thermal_power_station,industrial area,industrial_area,0,1782537741.6419468,1782537742.9662073,1.3242604732513428,4.302632632633051,3.548
98,/home/htj/resisc45/imgs450/golf_course_s0005098.png,golf_course,golf course,golf_course,1,1782537742.9677234,1782537744.293254,1.3255305290222168,4.266018296490545,3.5378
99,/home/htj/resisc45/imgs450/mountain_s0005099.png,mountain,desert,desert,0,1782537744.2946196,1782537745.5305905,1.2359709739685059,3.999433530265635,3.5499
100,/home/htj/resisc45/imgs450/baseball_diamond_s0005100.png,baseball_diamond,airport,airport,0,1782537745.5323348,1782537746.706524,1.1741890907287598,3.805043619155884,3.548
101,/home/htj/resisc45/imgs450/commercial_area_s0005101.png,commercial_area,airport,airport,0,1782537746.7083495,1782537747.8725717,1.164222240447998,3.745635582447052,3.448
102,/home/htj/resisc45/imgs450/desert_s0005102.png,desert,desert,desert,1,1782537747.8738995,1782537749.1133714,1.2394719123840332,3.9878881988308645,3.446
103,/home/htj/resisc45/imgs450/mobile_home_park_s0005103.png,mobile_home_park,dense residential,dense_residential,0,1782537749.115118,1782537750.3572562,1.242138147354126,4.008097497387366,3.5449
104,/home/htj/resisc45/imgs450/ground_track_field_s0005104.png,ground_track_field,airport,airport,0,1782537750.3584945,1782537751.527136,1.1686415672302246,3.872766854604085,3.651
105,/home/htj/resisc45/imgs450/intersection_s0005105.png,intersection,intersection,intersection,1,1782537751.5288947,1782537752.700097,1.1712024211883545,3.926595545893624,3.55
106,/home/htj/resisc45/imgs450/golf_course_s0005106.png,golf_course,golf course,golf_course,1,1782537752.701567,1782537754.0153346,1.313767671585083,4.084732172292212,3.236
107,/home/htj/resisc45/imgs450/terrace_s0005107.png,terrace,chaparral,chaparral,0,1782537754.01648,1782537755.3411756,1.3246955871582031,4.0821598431269335,3.146
108,/home/htj/resisc45/imgs450/thermal_power_station_s0005108.png,thermal_power_station,industrial area,industrial_area,0,1782537755.3425956,1782537756.661775,1.3191795349121094,4.02085922241211,3.144
109,/home/htj/resisc45/imgs450/terrace_s0005109.png,terrace,medium residential,medium_residential,0,1782537756.663115,1782537757.9031057,1.2399907112121582,3.785297098831697,3.144
110,/home/htj/resisc45/imgs450/commercial_area_s0005110.png,commercial_area,airport,airport,0,1782537757.9042237,1782537759.0640547,1.1598310470581055,3.5528386473882767,3.144
111,/home/htj/resisc45/imgs450/snowberg_s0005111.png,snowberg,mountain,mountain,0,1782537759.0658722,1782537760.3182378,1.2523655891418457,3.8416883704012093,3.146
112,/home/htj/resisc45/imgs450/ship_s0005112.png,ship,harbor,harbor,0,1782537760.3196003,1782537761.5633621,1.2437617778778076,3.791959277754245,3.146
113,/home/htj/resisc45/imgs450/terrace_s0005113.png,terrace,medium residential,medium_residential,0,1782537761.56501,1782537762.806989,1.2419788837432861,3.786962977290153,3.146
114,/home/htj/resisc45/imgs450/cloud_s0005114.png,cloud,cloud,cloud,1,1782537762.8085697,1782537763.9799104,1.1713407039642334,3.5949003985949926,3.146
115,/home/htj/resisc45/imgs450/meadow_s0005115.png,meadow,parking lot,parking_lot,0,1782537763.9814003,1782537765.2857685,1.304368257522583,4.234433057225269,3.6409
116,/home/htj/resisc45/imgs450/palace_s0005116.png,palace,airport,airport,0,1782537765.2869225,1782537766.4409044,1.1539819240570068,3.593211216032505,3.151
117,/home/htj/resisc45/imgs450/roundabout_s0005117.png,roundabout,freeway,freeway,0,1782537766.4419687,1782537767.672384,1.2304153442382812,3.8060661555203525,3.144
118,/home/htj/resisc45/imgs450/overpass_s0005118.png,overpass,freeway,freeway,0,1782537767.6738956,1782537768.9214673,1.2475717067718506,3.82550851540132,3.144
119,/home/htj/resisc45/imgs450/industrial_area_s0005119.png,industrial_area,industrial area,industrial_area,1,1782537768.9232588,1782537770.253913,1.3306541442871094,4.0675783009736435,3.1458000000000004
120,/home/htj/resisc45/imgs450/mobile_home_park_s0005120.png,mobile_home_park,Mobile home park,mobile_home_park,1,1782537770.2557528,1782537771.570266,1.3145132064819336,4.006307625055314,3.144
121,/home/htj/resisc45/imgs450/rectangular_farmland_s0005121.png,rectangular_farmland,medium residential,medium_residential,0,1782537771.5718386,1782537772.819091,1.2472524642944336,3.8249831482280383,3.144
122,/home/htj/resisc45/imgs450/storage_tank_s0005122.png,storage_tank,industrial area,industrial_area,0,1782537772.8208225,1782537774.1257515,1.3049290180206299,4.000515216941419,3.146
123,/home/htj/resisc45/imgs450/rectangular_farmland_s0005123.png,rectangular_farmland,medium residential,medium_residential,0,1782537774.1268997,1782537775.3527095,1.2258098125457764,3.7985060159401467,3.146
124,/home/htj/resisc45/imgs450/storage_tank_s0005124.png,storage_tank,industrial area,industrial_area,0,1782537775.3541162,1782537776.6546385,1.3005223274230957,4.06147468409331,3.246
125,/home/htj/resisc45/imgs450/palace_s0005125.png,palace,airport,airport,0,1782537776.6565094,1782537777.8284628,1.1719534397125244,3.7428286352952322,3.248
126,/home/htj/resisc45/imgs450/beach_s0005126.png,beach,beach,beach,1,1782537777.8298914,1782537779.0766494,1.246757984161377,3.834800876010548,3.146
127,/home/htj/resisc45/imgs450/stadium_s0005127.png,stadium,football field,,0,1782537779.078523,1782537780.3037796,1.2252566814422607,3.7404301810156215,3.144
128,/home/htj/resisc45/imgs450/medium_residential_s0005128.png,medium_residential,dense residential,dense_residential,0,1782537780.3050609,1782537781.542579,1.237518072128296,3.800024243755774,3.144
129,/home/htj/resisc45/imgs450/tennis_court_s0005129.png,tennis_court,airport,airport,0,1782537781.5444114,1782537782.7072842,1.1628727912902832,3.600863285677774,3.146
130,/home/htj/resisc45/imgs450/commercial_area_s0005130.png,commercial_area,airport,airport,0,1782537782.7091596,1782537783.8663445,1.1571848392486572,3.545325051248074,3.144
131,/home/htj/resisc45/imgs450/bridge_s0005131.png,bridge,bridge,bridge,1,1782537783.8679254,1782537785.020512,1.1525866985321045,3.5299888620376585,3.144
132,/home/htj/resisc45/imgs450/commercial_area_s0005132.png,commercial_area,airport,airport,0,1782537785.0220292,1782537786.1817858,1.1597566604614258,3.569123509316217,3.146
133,/home/htj/resisc45/imgs450/cloud_s0005133.png,cloud,lake,lake,0,1782537786.1833422,1782537787.3332603,1.1499180793762207,3.5346756882905956,3.146
134,/home/htj/resisc45/imgs450/roundabout_s0005134.png,roundabout,airport,airport,0,1782537787.3346608,1782537788.4951181,1.1604573726654053,3.5879131567818776,3.146
135,/home/htj/resisc45/imgs450/basketball_court_s0005135.png,basketball_court,basketball court,basketball_court,1,1782537788.4964106,1782537789.8085465,1.312135934829712,4.236145291515019,3.55
136,/home/htj/resisc45/imgs450/commercial_area_s0005136.png,commercial_area,airport,airport,0,1782537789.8103917,1782537790.9687312,1.158339500427246,3.8386819453920635,3.651
137,/home/htj/resisc45/imgs450/commercial_area_s0005137.png,commercial_area,airport,airport,0,1782537790.969913,1782537792.129362,1.1594491004943848,3.775340188574791,3.4531
138,/home/htj/resisc45/imgs450/golf_course_s0005138.png,golf_course,golf course,golf_course,1,1782537792.1309483,1782537793.445399,1.314450740814209,4.24276124118722,3.448
139,/home/htj/resisc45/imgs450/ship_s0005139.png,ship,harbor,harbor,0,1782537793.446961,1782537794.678813,1.2318520545959473,3.849593663887544,3.244
140,/home/htj/resisc45/imgs450/thermal_power_station_s0005140.png,thermal_power_station,industrial area,industrial_area,0,1782537794.6806886,1782537795.9925702,1.3118815422058105,4.227680865578029,3.5378
141,/home/htj/resisc45/imgs450/tennis_court_s0005141.png,tennis_court,airport,airport,0,1782537795.9938734,1782537797.136145,1.1422717571258545,3.689320199943724,3.446
142,/home/htj/resisc45/imgs450/freeway_s0005142.png,freeway,freeway,freeway,1,1782537797.1381888,1782537798.3790963,1.2409074306488037,4.02037086065249,3.446
143,/home/htj/resisc45/imgs450/medium_residential_s0005143.png,medium_residential,dense residential,dense_residential,0,1782537798.3803113,1782537799.6163294,1.236018180847168,3.806992179653861,3.144
144,/home/htj/resisc45/imgs450/island_s0005144.png,island,island,island,1,1782537799.6176174,1782537800.8547802,1.2371628284454346,4.031857423229651,3.5499
145,/home/htj/resisc45/imgs450/stadium_s0005145.png,stadium,airport,airport,0,1782537800.8565307,1782537802.019073,1.1625423431396484,3.7666371917724613,3.4531
146,/home/htj/resisc45/imgs450/runway_s0005146.png,runway,airport,airport,0,1782537802.0204308,1782537803.1791048,1.1586740016937256,3.7356808488607407,3.4511
147,/home/htj/resisc45/imgs450/church_s0005147.png,church,palace,palace,0,1782537803.180584,1782537804.415671,1.2350871562957764,4.02419465683807,3.548
148,/home/htj/resisc45/imgs450/railway_station_s0005148.png,railway_station,airport,airport,0,1782537804.4173234,1782537805.570024,1.152700662612915,3.7454537958758216,3.548
149,/home/htj/resisc45/imgs450/stadium_s0005149.png,stadium,airport,airport,0,1782537805.571468,1782537806.7369082,1.1654400825500488,3.981492954015732,3.75
150,/home/htj/resisc45/imgs450/cloud_s0005150.png,cloud,airport,airport,0,1782537806.7383273,1782537807.895799,1.1574716567993164,4.084331652959188,3.75
151,/home/htj/resisc45/imgs450/airport_s0005151.png,airport,airport,airport,1,1782537807.8968976,1782537809.0540028,1.1571052074432373,3.776736296846753,3.446
152,/home/htj/resisc45/imgs450/sea_ice_s0005152.png,sea_ice,asteroid,,0,1782537809.055507,1782537810.2908642,1.2353572845458984,3.821016233704307,3.144
153,/home/htj/resisc45/imgs450/snowberg_s0005153.png,snowberg,mountain,mountain,0,1782537810.2924109,1782537811.525796,1.2333850860595703,3.782119303443215,3.144
154,/home/htj/resisc45/imgs450/industrial_area_s0005154.png,industrial_area,industrial area,industrial_area,1,1782537811.52713,1782537812.8299062,1.3027763366699219,4.033055683633555,3.144
155,/home/htj/resisc45/imgs450/dense_residential_s0005155.png,dense_residential,dense residential,dense_residential,1,1782537812.8316662,1782537814.0706716,1.2390053272247314,3.837762682654641,3.144
156,/home/htj/resisc45/imgs450/lake_s0005156.png,lake,lake,lake,1,1782537814.0724514,1782537815.2382586,1.1658072471618652,3.608506517750876,3.144
157,/home/htj/resisc45/imgs450/desert_s0005157.png,desert,beach,beach,0,1782537815.2397575,1782537816.4693115,1.2295539379119873,3.8040722174536103,3.146
158,/home/htj/resisc45/imgs450/stadium_s0005158.png,stadium,airport,airport,0,1782537816.4709418,1782537817.6272485,1.1563067436218262,3.5834524138212207,3.146
159,/home/htj/resisc45/imgs450/bridge_s0005159.png,bridge,bridge,bridge,1,1782537817.6286278,1782537818.789832,1.1612043380737305,3.589669677098592,3.146
160,/home/htj/resisc45/imgs450/stadium_s0005160.png,stadium,stadium,stadium,1,1782537818.7913315,1782537820.0241458,1.2328143119812012,3.7971241179162805,3.146
161,/home/htj/resisc45/imgs450/terrace_s0005161.png,terrace,desert,desert,0,1782537820.0257337,1782537821.2751708,1.2494370937347412,4.0960523414286705,3.64595
162,/home/htj/resisc45/imgs450/sea_ice_s0005162.png,sea_ice,lake,lake,0,1782537821.2764719,1782537822.425075,1.1486032009124756,3.783389553024655,3.651
163,/home/htj/resisc45/imgs450/bridge_s0005163.png,bridge,airport,airport,0,1782537822.426694,1782537823.5968459,1.170151948928833,3.6258913365483285,3.1441
164,/home/htj/resisc45/imgs450/intersection_s0005164.png,intersection,airport,airport,0,1782537823.5984023,1782537824.7555447,1.1571424007415771,3.562378594923019,3.146
165,/home/htj/resisc45/imgs450/sea_ice_s0005165.png,sea_ice,lake,lake,0,1782537824.7569208,1782537825.9174125,1.160491704940796,3.57497758933476,3.144
166,/home/htj/resisc45/imgs450/snowberg_s0005166.png,snowberg,mountain,mountain,0,1782537825.91874,1782537827.1569295,1.238189458847046,3.816437600200827,3.142
167,/home/htj/resisc45/imgs450/medium_residential_s0005167.png,medium_residential,medium residential,medium_residential,1,1782537827.1585035,1782537828.3952503,1.2367467880249023,3.8345896320343016,3.144
168,/home/htj/resisc45/imgs450/industrial_area_s0005168.png,industrial_area,industrial area,industrial_area,1,1782537828.3963437,1782537829.7164843,1.3201406002044678,4.073609507726586,3.144
169,/home/htj/resisc45/imgs450/wetland_s0005169.png,wetland,chaparral,chaparral,0,1782537829.7178009,1782537831.0293179,1.3115170001983643,4.061112391114235,3.144
170,/home/htj/resisc45/imgs450/island_s0005170.png,island,island,island,1,1782537831.030487,1782537832.276382,1.2458949089050293,3.8698062186457896,3.144
171,/home/htj/resisc45/imgs450/runway_s0005171.png,runway,freeway,freeway,0,1782537832.277747,1782537833.5127962,1.2350492477416992,3.802772772398862,3.144
172,/home/htj/resisc45/imgs450/sparse_residential_s0005172.png,sparse_residential,ground track field,ground_track_field,0,1782537833.5143907,1782537834.8316276,1.3172369003295898,4.082231696460558,3.144
173,/home/htj/resisc45/imgs450/bridge_s0005173.png,bridge,freeway,freeway,0,1782537834.8326156,1782537836.0761693,1.243553638458252,4.0403057713508606,3.6388999999999996
174,/home/htj/resisc45/imgs450/river_s0005174.png,river,river,river,1,1782537836.077682,1782537837.2503245,1.172642469406128,3.8820915270924568,3.5530500000000003
175,/home/htj/resisc45/imgs450/chaparral_s0005175.png,chaparral,chaparral,chaparral,1,1782537837.2521174,1782537838.5694776,1.3173601627349854,4.341525086313486,3.649
176,/home/htj/resisc45/imgs450/roundabout_s0005176.png,roundabout,roundabout,roundabout,1,1782537838.5711107,1782537839.8101125,1.239001750946045,4.124186282808131,3.64595
177,/home/htj/resisc45/imgs450/basketball_court_s0005177.png,basketball_court,basketball court,basketball_court,1,1782537839.8116488,1782537841.135161,1.323512077331543,4.341174759984016,3.55
178,/home/htj/resisc45/imgs450/freeway_s0005178.png,freeway,freeway,freeway,1,1782537841.1367857,1782537842.3774073,1.240621566772461,4.111758223620328,3.6509
179,/home/htj/resisc45/imgs450/mountain_s0005179.png,mountain,chaparral,chaparral,0,1782537842.378942,1782537843.6970558,1.3181138038635254,4.28839729692625,3.548
180,/home/htj/resisc45/imgs450/baseball_diamond_s0005180.png,baseball_diamond,baseball diamond,baseball_diamond,1,1782537843.698354,1782537845.0257149,1.3273608684539795,4.262432282119989,3.5326999999999997
181,/home/htj/resisc45/imgs450/basketball_court_s0005181.png,basketball_court,basketball court,basketball_court,1,1782537845.0271938,1782537846.3355274,1.3083336353302002,4.269206420224646,3.548
182,/home/htj/resisc45/imgs450/intersection_s0005182.png,intersection,airport,airport,0,1782537846.3371832,1782537847.5085566,1.1713733673095703,3.8344070483616424,3.548
183,/home/htj/resisc45/imgs450/parking_lot_s0005183.png,parking_lot,airport,airport,0,1782537847.5102062,1782537848.6772342,1.1670279502868652,3.8314639063108533,3.548
184,/home/htj/resisc45/imgs450/rectangular_farmland_s0005184.png,rectangular_farmland,medium residential,medium_residential,0,1782537848.678529,1782537849.9179509,1.2394218444824219,4.01026205253601,3.5429
185,/home/htj/resisc45/imgs450/medium_residential_s0005185.png,medium_residential,dense residential,dense_residential,0,1782537849.919512,1782537851.154719,1.2352070808410645,4.048615790562196,3.55
186,/home/htj/resisc45/imgs450/parking_lot_s0005186.png,parking_lot,Parking lot,parking_lot,1,1782537851.1563463,1782537852.3993905,1.243044137954712,4.084812543337995,3.548
187,/home/htj/resisc45/imgs450/dense_residential_s0005187.png,dense_residential,dense residential,dense_residential,1,1782537852.4008265,1782537853.6544688,1.2536423206329346,4.102544494271278,3.548
188,/home/htj/resisc45/imgs450/medium_residential_s0005188.png,medium_residential,dense residential,dense_residential,0,1782537853.6562805,1782537854.8926876,1.2364070415496826,4.063226940772751,3.64395
189,/home/htj/resisc45/imgs450/church_s0005189.png,church,airport,airport,0,1782537854.8946228,1782537856.0691957,1.1745729446411133,3.816355293273926,3.446
190,/home/htj/resisc45/imgs450/intersection_s0005190.png,intersection,airport,airport,0,1782537856.0704777,1782537857.2445877,1.174109935760498,3.855050199077243,3.548
191,/home/htj/resisc45/imgs450/palace_s0005191.png,palace,church,church,0,1782537857.2463388,1782537858.4204547,1.1741158962249756,3.9001893661362783,3.649
192,/home/htj/resisc45/imgs450/mobile_home_park_s0005193.png,mobile_home_park,Mobile home park,mobile_home_park,1,1782537858.4217584,1782537859.7377796,1.316021203994751,4.248226114928722,3.548
193,/home/htj/resisc45/imgs450/palace_s0005194.png,palace,spa,,0,1782537859.739494,1782537860.89894,1.1594460010528564,3.8503462525963785,3.5530500000000003
194,/home/htj/resisc45/imgs450/medium_residential_s0005195.png,medium_residential,medium residential,medium_residential,1,1782537860.9005432,1782537862.1523547,1.2518115043640137,4.050862028121949,3.538
195,/home/htj/resisc45/imgs450/island_s0005196.png,island,island,island,1,1782537862.1536891,1782537863.3902702,1.2365810871124268,4.047161273425276,3.5449
196,/home/htj/resisc45/imgs450/meadow_s0005197.png,meadow,forest,forest,0,1782537863.39188,1782537864.5630639,1.1711838245391846,3.84605613847006,3.548
197,/home/htj/resisc45/imgs450/lake_s0005198.png,lake,lake,lake,1,1782537864.5647416,1782537865.7380738,1.1733322143554688,3.796609712600708,3.4531
198,/home/htj/resisc45/imgs450/basketball_court_s0005199.png,basketball_court,basketball court,basketball_court,1,1782537865.7395723,1782537867.0619917,1.3224194049835205,4.3367091362178325,3.63585
199,/home/htj/resisc45/imgs450/bridge_s0005200.png,bridge,bridge,bridge,1,1782537867.0634468,1782537868.2227137,1.1592669486999512,3.862953489008404,3.651
200,/home/htj/resisc45/imgs450/storage_tank_s0005201.png,storage_tank,industrial area,industrial_area,0,1782537868.2246168,1782537869.5389726,1.3143558502197266,4.363204255477242,3.649
201,/home/htj/resisc45/imgs450/mobile_home_park_s0005202.png,mobile_home_park,Mobile home park,mobile_home_park,1,1782537869.540712,1782537870.8522546,1.3115425109863281,4.3197078189020575,3.6388999999999996
202,/home/htj/resisc45/imgs450/mobile_home_park_s0005203.png,mobile_home_park,Mobile home park,mobile_home_park,1,1782537870.8541281,1782537872.1724598,1.3183317184448242,4.323468870639801,3.63585
203,/home/htj/resisc45/imgs450/snowberg_s0005204.png,snowberg,mountain,mountain,0,1782537872.1747024,1782537873.4246426,1.2499401569366455,4.1029285651445395,3.55
204,/home/htj/resisc45/imgs450/golf_course_s0005205.png,golf_course,golf course,golf_course,1,1782537873.4259448,1782537874.7489905,1.3230457305908203,4.286998928546906,3.548
205,/home/htj/resisc45/imgs450/industrial_area_s0005206.png,industrial_area,industrial area,industrial_area,1,1782537874.7506063,1782537876.06953,1.3189237117767334,4.284781727998153,3.548
206,/home/htj/resisc45/imgs450/airplane_s0005207.png,airplane,airport,airport,0,1782537876.0709684,1782537877.2368257,1.1658573150634766,3.871423524220784,3.548
207,/home/htj/resisc45/imgs450/storage_tank_s0005208.png,storage_tank,industrial area,industrial_area,0,1782537877.2385452,1782537878.5547297,1.3161845207214355,4.264547529180845,3.548
208,/home/htj/resisc45/imgs450/railway_s0005209.png,railway,railway,railway,1,1782537878.5564184,1782537879.7976713,1.2412528991699219,4.043832683736627,3.548
209,/home/htj/resisc45/imgs450/harbor_s0005210.png,harbor,harbor,harbor,1,1782537879.7992435,1782537881.027919,1.2286756038665771,4.020114878069271,3.548
210,/home/htj/resisc45/imgs450/dense_residential_s0005211.png,dense_residential,dense residential,dense_residential,1,1782537881.0291963,1782537882.2813764,1.2521800994873047,4.142724024599249,3.649
211,/home/htj/resisc45/imgs450/overpass_s0005212.png,overpass,freeway,freeway,0,1782537882.2826371,1782537883.5298665,1.2472293376922607,4.120052040338517,3.647
212,/home/htj/resisc45/imgs450/tennis_court_s0005213.png,tennis_court,golf course,golf_course,0,1782537883.5314746,1782537884.8557086,1.3242340087890625,4.362909647623698,3.649
213,/home/htj/resisc45/imgs450/railway_station_s0005214.png,railway_station,railway,railway,0,1782537884.8571792,1782537886.0986388,1.241459608078003,4.13016682612896,3.548
214,/home/htj/resisc45/imgs450/church_s0005215.png,church,church,church,1,1782537886.0999215,1782537887.266748,1.1668264865875244,3.8749751987911405,3.649
215,/home/htj/resisc45/imgs450/sea_ice_s0005216.png,sea_ice,lake,lake,0,1782537887.2679577,1782537888.427326,1.1593682765960693,3.8375089955329895,3.548
216,/home/htj/resisc45/imgs450/circular_farmland_s0005217.png,circular_farmland,Circular farmland,circular_farmland,1,1782537888.4283283,1782537889.752677,1.3243486881256104,4.302422619352738,3.548
217,/home/htj/resisc45/imgs450/stadium_s0005218.png,stadium,stadium,stadium,1,1782537889.7544863,1782537891.0016792,1.2471928596496582,4.110237450144507,3.64395
218,/home/htj/resisc45/imgs450/lake_s0005219.png,lake,lake,lake,1,1782537891.0028667,1782537892.1718225,1.1689558029174805,3.916948237328302,3.651
219,/home/htj/resisc45/imgs450/river_s0005220.png,river,river,river,1,1782537892.1734817,1782537893.3466175,1.173135757446289,3.8740853163401288,3.649
220,/home/htj/resisc45/imgs450/rectangular_farmland_s0005221.png,rectangular_farmland,medium residential,medium_residential,0,1782537893.348055,1782537894.58452,1.2364652156829834,4.068532589240507,3.64395
221,/home/htj/resisc45/imgs450/wetland_s0005222.png,wetland,mountain,mountain,0,1782537894.585805,1782537895.816888,1.2310831546783447,4.067834493008527,3.548
222,/home/htj/resisc45/imgs450/church_s0005223.png,church,airport,airport,0,1782537895.8183815,1782537896.9807887,1.1624071598052979,3.8055466801285744,3.548
223,/home/htj/resisc45/imgs450/ship_s0005224.png,ship,harbor,harbor,0,1782537896.982895,1782537898.234682,1.2517871856689453,4.05535507732889,3.548
224,/home/htj/resisc45/imgs450/stadium_s0005225.png,stadium,stadium,stadium,1,1782537898.2363236,1782537899.4777648,1.241441249847412,4.105671929836273,3.647
225,/home/htj/resisc45/imgs450/ship_s0005226.png,ship,harbor,harbor,0,1782537899.4790852,1782537900.727694,1.2486088275909424,4.118082178235054,3.545
226,/home/htj/resisc45/imgs450/palace_s0005227.png,palace,airport,airport,0,1782537900.729066,1782537901.9021387,1.1730728149414062,3.896556866963704,3.548
227,/home/htj/resisc45/imgs450/baseball_diamond_s0005228.png,baseball_diamond,golf course,golf_course,0,1782537901.9035964,1782537903.2233303,1.3197338581085205,4.331971400330464,3.548
228,/home/htj/resisc45/imgs450/railway_station_s0005229.png,railway_station,airport,airport,0,1782537903.2250903,1782537904.3983068,1.1732165813446045,3.895724319183827,3.649
229,/home/htj/resisc45/imgs450/mobile_home_park_s0005230.png,mobile_home_park,Mobile home park,mobile_home_park,1,1782537904.4000068,1782537905.719798,1.319791316986084,4.298505328118801,3.548
230,/home/htj/resisc45/imgs450/baseball_diamond_s0005231.png,baseball_diamond,golf course,golf_course,0,1782537905.7214231,1782537907.0425591,1.3211359977722168,4.351132688315018,3.6388999999999996
231,/home/htj/resisc45/imgs450/mountain_s0005233.png,mountain,desert,desert,0,1782537907.0440512,1782537908.2930582,1.249006986618042,4.0469529557769945,3.5429
232,/home/htj/resisc45/imgs450/medium_residential_s0005234.png,medium_residential,dense residential,dense_residential,0,1782537908.2945883,1782537909.5385592,1.2439708709716797,4.069537616122853,3.548
233,/home/htj/resisc45/imgs450/golf_course_s0005235.png,golf_course,golf course,golf_course,1,1782537909.540045,1782537910.8613486,1.3213036060333252,4.379661870137505,3.548
234,/home/htj/resisc45/imgs450/forest_s0005236.png,forest,chaparral,chaparral,0,1782537910.862978,1782537912.190412,1.3274340629577637,4.406749230504036,3.63385
235,/home/htj/resisc45/imgs450/lake_s0005237.png,lake,lake,lake,1,1782537912.1919177,1782537913.361187,1.169269323348999,3.8492346124649046,3.545
236,/home/htj/resisc45/imgs450/meadow_s0005238.png,meadow,forest,forest,0,1782537913.3625917,1782537914.5189059,1.1563141345977783,3.606103285187767,3.244
237,/home/htj/resisc45/imgs450/airplane_s0005239.png,airplane,airport,airport,0,1782537914.5206664,1782537915.6864185,1.1657521724700928,3.616279814219475,3.144
238,/home/htj/resisc45/imgs450/river_s0005240.png,river,airport,airport,0,1782537915.6878686,1782537916.840793,1.1529242992401123,3.7670428948743004,3.548
239,/home/htj/resisc45/imgs450/mountain_s0005241.png,mountain,river,river,0,1782537916.84205,1782537918.0010962,1.1590461730957031,3.8038239620753695,3.548
240,/home/htj/resisc45/imgs450/overpass_s0005242.png,overpass,freeway,freeway,0,1782537918.00257,1782537919.2347624,1.2321925163269043,4.037308117662158,3.545
241,/home/htj/resisc45/imgs450/overpass_s0005243.png,overpass,freeway,freeway,0,1782537919.2366908,1782537920.486476,1.2497851848602295,4.082650540015914,3.5429
242,/home/htj/resisc45/imgs450/meadow_s0005244.png,meadow,forest,forest,0,1782537920.4878483,1782537921.6553864,1.1675381660461426,3.8269677200771515,3.545
243,/home/htj/resisc45/imgs450/stadium_s0005245.png,stadium,golf course,golf_course,0,1782537921.6569715,1782537922.9735024,1.3165309429168701,4.347185173511505,3.548
244,/home/htj/resisc45/imgs450/bridge_s0005246.png,bridge,bridge,bridge,1,1782537922.975178,1782537924.1441474,1.1689693927764893,3.7477158732414244,3.446
245,/home/htj/resisc45/imgs450/basketball_court_s0005247.png,basketball_court,basketball court,basketball_court,1,1782537924.1456113,1782537925.4582224,1.3126111030578613,4.344457400881725,3.548
246,/home/htj/resisc45/imgs450/railway_s0005248.png,railway,railway,railway,1,1782537925.4594789,1782537926.6711092,1.2116303443908691,4.092391636393287,3.64205
247,/home/htj/resisc45/imgs450/dense_residential_s0005249.png,dense_residential,dense residential,dense_residential,1,1782537926.6723232,1782537927.9029768,1.2306535243988037,4.296547086455606,3.849
248,/home/htj/resisc45/imgs450/desert_s0005250.png,desert,desert,desert,1,1782537927.904265,1782537929.1524413,1.2481763362884521,3.9278974597237326,3.244
249,/home/htj/resisc45/imgs450/ship_s0005251.png,ship,river,river,0,1782537929.153908,1782537930.3226118,1.1687037944793701,3.6264878742694857,3.142
250,/home/htj/resisc45/imgs450/storage_tank_s0005252.png,storage_tank,industrial area,industrial_area,0,1782537930.3243284,1782537931.6359706,1.3116421699523926,4.09158220728584,3.2337999999999996
251,/home/htj/resisc45/imgs450/sparse_residential_s0005253.png,sparse_residential,airport,airport,0,1782537931.6373274,1782537932.8056476,1.1683201789855957,3.6320292649950296,3.244
252,/home/htj/resisc45/imgs450/beach_s0005254.png,beach,beach,beach,1,1782537932.8071518,1782537934.0552626,1.2481107711791992,3.875554141434756,3.142
253,/home/htj/resisc45/imgs450/mobile_home_park_s0005255.png,mobile_home_park,Mobile home park,mobile_home_park,1,1782537934.0569065,1782537935.3695931,1.3126866817474365,4.086010773330927,3.144
254,/home/htj/resisc45/imgs450/island_s0005256.png,island,island,island,1,1782537935.370741,1782537936.5990775,1.2283365726470947,3.8292515269007,3.142
255,/home/htj/resisc45/imgs450/cloud_s0005257.png,cloud,forest,forest,0,1782537936.600552,1782537937.7688968,1.1683447360992432,3.6128140102028845,3.144
256,/home/htj/resisc45/imgs450/runway_s0005258.png,runway,airport,airport,0,1782537937.7705197,1782537938.943112,1.1725921630859375,3.6119188886369975,3.144
257,/home/htj/resisc45/imgs450/golf_course_s0005259.png,golf_course,golf course,golf_course,1,1782537938.9444935,1782537940.2504883,1.3059947490692139,4.058747768205145,3.144
258,/home/htj/resisc45/imgs450/meadow_s0005260.png,meadow,chaparral,chaparral,0,1782537940.2520251,1782537941.5535843,1.3015592098236084,4.074097253282864,3.244
259,/home/htj/resisc45/imgs450/medium_residential_s0005261.png,medium_residential,dense residential,dense_residential,0,1782537941.5552218,1782537942.8028433,1.2476215362548828,3.880783498590643,3.239
260,/home/htj/resisc45/imgs450/basketball_court_s0005262.png,basketball_court,airport,airport,0,1782537942.8045099,1782537943.963494,1.1589841842651367,3.609352698416937,3.144
261,/home/htj/resisc45/imgs450/railway_station_s0005263.png,railway_station,railway station,railway_station,1,1782537943.9649913,1782537945.2743974,1.309406042098999,4.098099327584971,3.244
262,/home/htj/resisc45/imgs450/medium_residential_s0005264.png,medium_residential,dense residential,dense_residential,0,1782537945.2759786,1782537946.5249612,1.2489826679229736,3.8730952532291414,3.144
263,/home/htj/resisc45/imgs450/palace_s0005265.png,palace,chapel,,0,1782537946.5267234,1782537947.7807152,1.2539918422698975,3.889198699170893,3.144
264,/home/htj/resisc45/imgs450/ship_s0005266.png,ship,bridge,bridge,0,1782537947.7822592,1782537948.9406774,1.1584181785583496,3.593586952614784,3.144
265,/home/htj/resisc45/imgs450/bridge_s0005267.png,bridge,freeway,freeway,0,1782537948.9420886,1782537950.1770542,1.2349655628204346,3.8578640138561076,3.244
266,/home/htj/resisc45/imgs450/sea_ice_s0005268.png,sea_ice,lake,lake,0,1782537950.1785846,1782537951.350844,1.1722593307495117,3.6786614236377533,3.345
267,/home/htj/resisc45/imgs450/basketball_court_s0005269.png,basketball_court,basketball court,basketball_court,1,1782537951.3523571,1782537952.6664062,1.3140490055084229,4.408005955260734,3.6388999999999996
268,/home/htj/resisc45/imgs450/roundabout_s0005270.png,roundabout,freeway,freeway,0,1782537952.6679082,1782537953.894951,1.2270429134368896,4.041712032827464,3.6419
269,/home/htj/resisc45/imgs450/roundabout_s0005274.png,roundabout,roundabout,roundabout,1,1782537953.8965518,1782537955.1471748,1.2506229877471924,4.143640207881513,3.545
270,/home/htj/resisc45/imgs450/snowberg_s0005275.png,snowberg,mountain,mountain,0,1782537955.1488423,1782537956.3873918,1.2385494709014893,4.113222792863846,3.748
271,/home/htj/resisc45/imgs450/railway_s0005276.png,railway,railway,railway,1,1782537956.3886273,1782537957.6151614,1.226534128189087,4.085059523514339,3.649
272,/home/htj/resisc45/imgs450/island_s0005277.png,island,island,island,1,1782537957.6162574,1782537958.8430495,1.2267920970916748,4.0610907720724745,3.548
273,/home/htj/resisc45/imgs450/parking_lot_s0005278.png,parking_lot,parking lot,parking_lot,1,1782537958.844604,1782537960.164499,1.3198950290679932,4.341409728735686,3.545
274,/home/htj/resisc45/imgs450/parking_lot_s0005279.png,parking_lot,Parking lot,parking_lot,1,1782537960.1660266,1782537961.4036186,1.2375919818878174,4.036068723841147,3.6419
275,/home/htj/resisc45/imgs450/island_s0005281.png,island,island,island,1,1782537961.4045079,1782537962.633513,1.2290050983428955,4.0489014326225625,3.548
276,/home/htj/resisc45/imgs450/railway_station_s0005282.png,railway_station,airport,airport,0,1782537962.635345,1782537963.800044,1.1646990776062012,3.767191435586838,3.548
277,/home/htj/resisc45/imgs450/dense_residential_s0005283.png,dense_residential,residential,,0,1782537963.8018534,1782537965.0521839,1.2503304481506348,4.1183043301972475,3.64395
278,/home/htj/resisc45/imgs450/church_s0005284.png,church,church,church,1,1782537965.0536602,1782537966.2148259,1.161165714263916,3.8280315982954845,3.75
279,/home/htj/resisc45/imgs450/storage_tank_s0005285.png,storage_tank,industrial area,industrial_area,0,1782537966.2165864,1782537967.532845,1.3162586688995361,4.4366501437581105,3.647
280,/home/htj/resisc45/imgs450/terrace_s0005286.png,terrace,medium residential,medium_residential,0,1782537967.5343244,1782537968.7795537,1.2452292442321777,4.044391382607547,3.5427999999999997
281,/home/htj/resisc45/imgs450/church_s0005287.png,church,industrial area,industrial_area,0,1782537968.7810657,1782537970.091405,1.3103392124176025,4.3112343987226485,3.548
282,/home/htj/resisc45/imgs450/storage_tank_s0005288.png,storage_tank,storage tank,storage_tank,1,1782537970.0930207,1782537971.3330064,1.239985704421997,4.033391681551934,3.545
283,/home/htj/resisc45/imgs450/circular_farmland_s0005289.png,circular_farmland,Circular farmland,circular_farmland,1,1782537971.334301,1782537972.6566808,1.3223798274993896,4.317282662909964,3.545
284,/home/htj/resisc45/imgs450/palace_s0005290.png,palace,palace,palace,1,1782537972.6583295,1782537973.8963003,1.2379708290100098,3.9966762786561794,3.545
285,/home/htj/resisc45/imgs450/intersection_s0005291.png,intersection,airport,airport,0,1782537973.8980134,1782537975.0677354,1.169722080230713,3.837913846288409,3.545
286,/home/htj/resisc45/imgs450/cloud_s0005292.png,cloud,mountain,mountain,0,1782537975.0690706,1782537976.3198986,1.2508280277252197,3.9816130355271424,3.444
287,/home/htj/resisc45/imgs450/medium_residential_s0005293.png,medium_residential,medium residential,medium_residential,1,1782537976.321679,1782537977.574076,1.252396821975708,3.8905435014496677,3.142
288,/home/htj/resisc45/imgs450/snowberg_s0005294.png,snowberg,mountain,mountain,0,1782537977.5757864,1782537978.81156,1.2357735633850098,3.9795840747789906,3.64395
289,/home/htj/resisc45/imgs450/overpass_s0005295.png,overpass,freeway,freeway,0,1782537978.8130302,1782537980.0431302,1.2300999164581299,4.1255873789028685,3.8440499999999997
290,/home/htj/resisc45/imgs450/lake_s0005296.png,lake,lake,lake,1,1782537980.044323,1782537981.2049518,1.1606287956237793,3.875223485708237,3.647
291,/home/htj/resisc45/imgs450/beach_s0005298.png,beach,beach,beach,1,1782537981.2062688,1782537982.4370723,1.2308034896850586,4.070099303548986,3.6419
292,/home/htj/resisc45/imgs450/sparse_residential_s0005299.png,sparse_residential,airport,airport,0,1782537982.438307,1782537983.6014147,1.1631076335906982,3.7944448033173876,3.545
293,/home/htj/resisc45/imgs450/circular_farmland_s0005300.png,circular_farmland,Circular farmland,circular_farmland,1,1782537983.6030688,1782537984.9262564,1.3231875896453857,4.342150341053804,3.446
294,/home/htj/resisc45/imgs450/ship_s0005304.png,ship,airport,airport,0,1782537984.927833,1782537986.0953746,1.16754150390625,3.852711831665039,3.85705
295,/home/htj/resisc45/imgs450/forest_s0005305.png,forest,chaparral,chaparral,0,1782537986.0968068,1782537987.4070761,1.3102693557739258,4.493131999174754,3.75
296,/home/htj/resisc45/imgs450/airplane_s0005306.png,airplane,airport,airport,0,1782537987.4083345,1782537988.565499,1.1571645736694336,3.8193373918533324,3.649
297,/home/htj/resisc45/imgs450/mobile_home_park_s0005308.png,mobile_home_park,dense residential,dense_residential,0,1782537988.5673018,1782537989.8175588,1.2502570152282715,4.139111746414848,3.548
298,/home/htj/resisc45/imgs450/island_s0005309.png,island,island,island,1,1782537989.8189895,1782537991.0620053,1.2430157661437988,4.100878514658321,3.7499000000000002
299,/home/htj/resisc45/imgs450/intersection_s0005310.png,intersection,intersection,intersection,1,1782537991.0636303,1782537992.2378612,1.1742308139801025,3.904093793471654,3.647
300,/home/htj/resisc45/imgs450/basketball_court_s0005311.png,basketball_court,basketball court,basketball_court,1,1782537992.2393339,1782537993.5522513,1.3129174709320068,4.431610214710235,3.8390999999999997
301,/home/htj/resisc45/imgs450/river_s0005313.png,river,airport,airport,0,1782537993.55383,1782537994.7230175,1.1691875457763672,3.904028566542126,3.647
302,/home/htj/resisc45/imgs450/rectangular_farmland_s0005314.png,rectangular_farmland,medium residential,medium_residential,0,1782537994.7243357,1782537995.9562466,1.2319109439849854,4.091512220686132,3.548
303,/home/htj/resisc45/imgs450/palace_s0005315.png,palace,airport,airport,0,1782537995.9580703,1782537997.114752,1.156681776046753,3.7743683034181594,3.54515
304,/home/htj/resisc45/imgs450/desert_s0005317.png,desert,desert,desert,1,1782537997.1163096,1782537998.3606582,1.2443485260009766,4.101967864907306,3.548
305,/home/htj/resisc45/imgs450/forest_s0005318.png,forest,chaparral,chaparral,0,1782537998.362123,1782537999.6590502,1.2969272136688232,4.314594899177552,3.446
306,/home/htj/resisc45/imgs450/storage_tank_s0005320.png,storage_tank,storage tank,storage_tank,1,1782537999.6605747,1782538000.9068723,1.2462975978851318,4.201665751706471,3.647
307,/home/htj/resisc45/imgs450/railway_s0005321.png,railway,railway,railway,1,1782538000.9086134,1782538002.157285,1.248671531677246,4.100921099012548,3.6419
308,/home/htj/resisc45/imgs450/forest_s0005322.png,forest,chaparral,chaparral,0,1782538002.1590304,1782538003.4736824,1.3146519660949707,4.280342470109463,3.5326999999999997
309,/home/htj/resisc45/imgs450/island_s0005325.png,island,island,island,1,1782538003.474744,1782538004.7057495,1.2310054302215576,4.026283033501018,3.54785
310,/home/htj/resisc45/imgs450/island_s0005326.png,island,island,island,1,1782538004.7069771,1782538005.9345038,1.2275266647338867,3.863084867568243,3.343
311,/home/htj/resisc45/imgs450/airplane_s0005327.png,airplane,airport,airport,0,1782538005.9359787,1782538007.1051435,1.1691648960113525,3.730916532209941,3.548
312,/home/htj/resisc45/imgs450/mountain_s0005328.png,mountain,desert,desert,0,1782538007.1065629,1782538008.3545284,1.2479655742645264,4.077557336785577,3.64395
313,/home/htj/resisc45/imgs450/terrace_s0005329.png,terrace,medium residential,medium_residential,0,1782538008.356,1782538009.6001327,1.2441327571868896,4.062850750415222,3.545
314,/home/htj/resisc45/imgs450/overpass_s0005333.png,overpass,freeway,freeway,0,1782538009.6015754,1782538010.8501663,1.2485909461975098,4.100599683848294,3.647
315,/home/htj/resisc45/imgs450/circular_farmland_s0005335.png,circular_farmland,medium residential,medium_residential,0,1782538010.851789,1782538012.0994194,1.2476303577423096,4.145251863598824,3.649
316,/home/htj/resisc45/imgs450/storage_tank_s0005336.png,storage_tank,storage tank,storage_tank,1,1782538012.1008499,1782538013.3353045,1.23445463180542,4.04491504740715,3.548
317,/home/htj/resisc45/imgs450/thermal_power_station_s0005338.png,thermal_power_station,industrial area,industrial_area,0,1782538013.3370383,1782538014.6500769,1.3130385875701904,4.300829349269038,3.548
318,/home/htj/resisc45/imgs450/tennis_court_s0005340.png,tennis_court,parking lot,parking_lot,0,1782538014.6517408,1782538015.976812,1.325071096420288,4.276177263508672,3.446
319,/home/htj/resisc45/imgs450/forest_s0005341.png,forest,chaparral,chaparral,0,1782538015.978476,1782538017.3038943,1.32541823387146,4.289329533606768,3.5326999999999997
320,/home/htj/resisc45/imgs450/railway_s0005342.png,railway,railway,railway,1,1782538017.3055024,1782538018.5503824,1.244879961013794,4.034146684570746,3.548
321,/home/htj/resisc45/imgs450/airport_s0005343.png,airport,airport,airport,1,1782538018.5519438,1782538019.7212877,1.1693439483642578,3.8274854751768563,3.548
322,/home/htj/resisc45/imgs450/mountain_s0005344.png,mountain,mountain,mountain,1,1782538019.7227495,1782538020.9654052,1.2426557540893555,4.116862028945576,3.649
323,/home/htj/resisc45/imgs450/palace_s0005348.png,palace,chapel,,0,1782538020.9671519,1782538022.2062407,1.239088773727417,4.053678923249245,3.5429
324,/home/htj/resisc45/imgs450/mountain_s0005350.png,mountain,ground track field,ground_track_field,0,1782538022.2078557,1782538023.5184054,1.3105497360229492,4.25774817064534,3.5378
325,/home/htj/resisc45/imgs450/thermal_power_station_s0005351.png,thermal_power_station,industrial area,industrial_area,0,1782538023.5201325,1782538024.84186,1.3217275142669678,4.30563752168417,3.548
326,/home/htj/resisc45/imgs450/cloud_s0005353.png,cloud,desert,desert,0,1782538024.843381,1782538026.0786202,1.2352392673492432,4.019356281475588,3.548
327,/home/htj/resisc45/imgs450/wetland_s0005356.png,wetland,lake,lake,0,1782538026.080111,1782538027.248969,1.1688580513000488,3.859402305671147,3.649
328,/home/htj/resisc45/imgs450/beach_s0005357.png,beach,beach,beach,1,1782538027.2503986,1782538028.4949338,1.244535207748413,4.123880550438707,3.548
329,/home/htj/resisc45/imgs450/intersection_s0005359.png,intersection,intersection,intersection,1,1782538028.496566,1782538029.6660907,1.1695246696472168,3.8230647617748805,3.548
330,/home/htj/resisc45/imgs450/meadow_s0005361.png,meadow,chaparral,chaparral,0,1782538029.6677415,1782538030.9794166,1.3116750717163086,4.285014341893403,3.548
331,/home/htj/resisc45/imgs450/tennis_court_s0005362.png,tennis_court,golf course,golf_course,0,1782538030.9806385,1782538032.2933385,1.3127000331878662,4.293784734643024,3.548
332,/home/htj/resisc45/imgs450/wetland_s0005366.png,wetland,lake,lake,0,1782538032.2945619,1782538033.4611354,1.1665735244750977,3.8019742185047694,3.548
333,/home/htj/resisc45/imgs450/railway_s0005367.png,railway,railway,railway,1,1782538033.4629014,1782538034.709216,1.2463147640228271,4.101281984372572,3.649
334,/home/htj/resisc45/imgs450/runway_s0005368.png,runway,freeway,freeway,0,1782538034.7106056,1782538035.9534469,1.2428412437438965,4.082139083364735,3.55
335,/home/htj/resisc45/imgs450/sea_ice_s0005371.png,sea_ice,lake,lake,0,1782538035.9548647,1782538037.105729,1.1508643627166748,3.7984853723645213,3.6540500000000002
336,/home/htj/resisc45/imgs450/forest_s0005372.png,forest,chaparral,chaparral,0,1782538037.1070936,1782538038.434266,1.3271725177764893,4.3953188846011955,3.548
337,/home/htj/resisc45/imgs450/meadow_s0005373.png,meadow,chaparral,chaparral,0,1782538038.435762,1782538039.7496817,1.3139197826385498,4.297888735957768,3.548
338,/home/htj/resisc45/imgs450/runway_s0005375.png,runway,airport,airport,0,1782538039.7509599,1782538040.9059021,1.154942274093628,3.7920054693562646,3.548
339,/home/htj/resisc45/imgs450/cloud_s0005376.png,cloud,lake,lake,0,1782538040.9069514,1782538042.0740368,1.1670854091644287,3.6909909697260175,3.345
340,/home/htj/resisc45/imgs450/chaparral_s0005377.png,chaparral,desert,desert,0,1782538042.0756328,1782538043.326688,1.2510552406311035,3.8339725172086196,3.1439
341,/home/htj/resisc45/imgs450/forest_s0005378.png,forest,chaparral,chaparral,0,1782538043.328392,1782538044.6530063,1.3246142864227295,4.087414136347563,3.144
342,/home/htj/resisc45/imgs450/cloud_s0005380.png,cloud,desert,desert,0,1782538044.6543307,1782538045.8870728,1.2327420711517334,3.817914261817932,3.144
343,/home/htj/resisc45/imgs450/freeway_s0005382.png,freeway,freeway,freeway,1,1782538045.8885276,1782538047.0829751,1.1944475173950195,4.236759637269107,4.14795
344,/home/htj/resisc45/imgs450/runway_s0005383.png,runway,airport,airport,0,1782538047.0841565,1782538048.2342157,1.1500592231750488,3.9637366156339646,3.6540500000000002
345,/home/htj/resisc45/imgs450/rectangular_farmland_s0005384.png,rectangular_farmland,medium residential,medium_residential,0,1782538048.2355812,1782538049.477942,1.2423608303070068,4.116732024062763,3.548
346,/home/htj/resisc45/imgs450/railway_station_s0005385.png,railway_station,railway station,railway_station,1,1782538049.4796615,1782538050.7980375,1.318376064300537,4.366681254307429,3.649
347,/home/htj/resisc45/imgs450/railway_station_s0005386.png,railway_station,airport,airport,0,1782538050.7996202,1782538051.9678264,1.1682062149047852,3.869432756968907,3.649
348,/home/htj/resisc45/imgs450/meadow_s0005389.png,meadow,meadow,meadow,1,1782538051.9691794,1782538053.1938574,1.2246780395507812,4.0502435488019675,3.548
349,/home/htj/resisc45/imgs450/runway_s0005390.png,runway,airport,airport,0,1782538053.195299,1782538054.3474386,1.152139663696289,3.8362958973475862,3.647
350,/home/htj/resisc45/imgs450/airport_s0005394.png,airport,airport,airport,1,1782538054.3491147,1782538055.519437,1.1703224182128906,3.851642537616548,3.545
351,/home/htj/resisc45/imgs450/railway_station_s0005395.png,railway_station,airport,airport,0,1782538055.5211015,1782538056.6839316,1.162830114364624,3.800294932331358,3.548
352,/home/htj/resisc45/imgs450/lake_s0005396.png,lake,lake,lake,1,1782538056.6855788,1782538057.8587058,1.1731269359588623,3.8756008019804957,3.6471
353,/home/htj/resisc45/imgs450/beach_s0005397.png,beach,beach,beach,1,1782538057.8603413,1782538059.1018162,1.2414748668670654,4.131250516756721,3.649
354,/home/htj/resisc45/imgs450/freeway_s0005400.png,freeway,freeway,freeway,1,1782538059.1032996,1782538060.3506014,1.2473018169403076,4.096422644517638,3.545
355,/home/htj/resisc45/imgs450/parking_lot_s0005401.png,parking_lot,Parking lot,parking_lot,1,1782538060.3521154,1782538061.5968814,1.2447659969329834,4.122325500206514,3.647
356,/home/htj/resisc45/imgs450/overpass_s0005403.png,overpass,freeway,freeway,0,1782538061.5983248,1782538062.8449194,1.2465946674346924,4.078007800936699,3.548
357,/home/htj/resisc45/imgs450/meadow_s0005404.png,meadow,ground track field,ground_track_field,0,1782538062.8464386,1782538064.1631682,1.3167295455932617,4.304553475737571,3.548
358,/home/htj/resisc45/imgs450/cloud_s0005406.png,cloud,lake,lake,0,1782538064.1646945,1782538065.3281279,1.163433313369751,3.849451803946495,3.55295
359,/home/htj/resisc45/imgs450/intersection_s0005408.png,intersection,commercial area,commercial_area,0,1782538065.3297572,1782538066.5787117,1.2489545345306396,4.14343381949093,3.545
360,/home/htj/resisc45/imgs450/cloud_s0005409.png,cloud,cloud,cloud,1,1782538066.5802085,1782538067.749209,1.1690003871917725,3.832100169253349,3.5501
361,/home/htj/resisc45/imgs450/desert_s0005411.png,desert,desert,desert,1,1782538067.7505836,1782538068.9867675,1.2361838817596436,4.10497334008867,3.647
362,/home/htj/resisc45/imgs450/runway_s0005413.png,runway,airport,airport,0,1782538068.9883528,1782538070.159172,1.1708192825317383,3.8557420612335203,3.545
363,/home/htj/resisc45/imgs450/circular_farmland_s0005415.png,circular_farmland,ground track field,ground_track_field,0,1782538070.1603122,1782538071.4776223,1.317310094833374,4.382910237193107,3.647
364,/home/htj/resisc45/imgs450/desert_s0005416.png,desert,desert,desert,1,1782538071.4790676,1782538072.7057898,1.226722240447998,4.068033989732916,3.647
365,/home/htj/resisc45/imgs450/intersection_s0005419.png,intersection,intersection,intersection,1,1782538072.7078512,1782538073.8814566,1.1736054420471191,3.8451226299603785,3.545
366,/home/htj/resisc45/imgs450/airport_s0005420.png,airport,airport,airport,1,1782538073.8829477,1782538075.0512278,1.1682801246643066,3.8667735566139223,3.649
367,/home/htj/resisc45/imgs450/wetland_s0005421.png,wetland,chaparral,chaparral,0,1782538075.052815,1782538076.3775258,1.3247108459472656,4.366412537097931,3.5496999999999996
368,/home/htj/resisc45/imgs450/freeway_s0005425.png,freeway,freeway,freeway,1,1782538076.378936,1782538077.625405,1.2464690208435059,4.096123833222823,3.548
369,/home/htj/resisc45/imgs450/desert_s0005426.png,desert,chaparral,chaparral,0,1782538077.6267827,1782538078.9506218,1.3238391876220703,4.379149712721507,3.649
370,/home/htj/resisc45/imgs450/airport_s0005428.png,airport,airport,airport,1,1782538078.9522426,1782538080.1223748,1.1701321601867676,3.846224410533905,3.548
371,/home/htj/resisc45/imgs450/snowberg_s0005430.png,snowberg,mountain,mountain,0,1782538080.1239119,1782538081.3613017,1.2373898029327393,4.06510672758926,3.548
372,/home/htj/resisc45/imgs450/roundabout_s0005431.png,roundabout,intersection,intersection,0,1782538081.363098,1782538082.510812,1.1477141380310059,3.781144227743149,3.5530500000000003
373,/home/htj/resisc45/imgs450/chaparral_s0005433.png,chaparral,desert,desert,0,1782538082.512748,1782538083.758375,1.2456269264221191,4.109436469078064,3.548
374,/home/htj/resisc45/imgs450/desert_s0005435.png,desert,desert,desert,1,1782538083.7596886,1782538084.998298,1.2386093139648438,3.8704852048700507,3.246
375,/home/htj/resisc45/imgs450/parking_lot_s0005440.png,parking_lot,airport,airport,0,1782538085.000128,1782538086.1735036,1.1733756065368652,3.6426607579503743,3.144
376,/home/htj/resisc45/imgs450/sea_ice_s0005441.png,sea_ice,lake,lake,0,1782538086.1748652,1782538087.34404,1.1691746711730957,3.618261557374682,3.144
377,/home/htj/resisc45/imgs450/ground_track_field_s0005443.png,ground_track_field,airport,airport,0,1782538087.3455498,1782538088.5173712,1.1718213558197021,3.6215418006692612,3.144
378,/home/htj/resisc45/imgs450/rectangular_farmland_s0005445.png,rectangular_farmland,medium residential,medium_residential,0,1782538088.5188408,1782538089.7487416,1.22990083694458,3.814481541200118,3.239
379,/home/htj/resisc45/imgs450/river_s0005446.png,river,river,river,1,1782538089.7501416,1782538090.9089766,1.1588349342346191,3.596637357552846,3.144
380,/home/htj/resisc45/imgs450/river_s0005448.png,river,airport,airport,0,1782538090.9104009,1782538092.0810452,1.1706442832946777,3.620510107159615,3.144
381,/home/htj/resisc45/imgs450/sea_ice_s0005451.png,sea_ice,snowberg,snowberg,0,1782538092.0823145,1782538093.3276017,1.2452871799468994,3.858928398971972,3.144
382,/home/htj/resisc45/imgs450/chaparral_s0005453.png,chaparral,chaparral,chaparral,1,1782538093.3292205,1782538094.6531436,1.323923110961914,4.106579242706299,3.142
383,/home/htj/resisc45/imgs450/freeway_s0005454.png,freeway,freeway,freeway,1,1782538094.6546998,1782538095.8998463,1.2451465129852295,3.865444154425101,3.142
384,/home/htj/resisc45/imgs450/circular_farmland_s0005455.png,circular_farmland,Circular farmland,circular_farmland,1,1782538095.901278,1782538097.222662,1.3213839530944824,4.084397799015045,3.142
385,/home/htj/resisc45/imgs450/river_s0005456.png,river,river,river,1,1782538097.2241528,1782538098.3831391,1.1589863300323486,3.601301666361945,3.142
386,/home/htj/resisc45/imgs450/forest_s0005458.png,forest,chaparral,chaparral,0,1782538098.3847413,1782538099.7001102,1.315368890762329,4.0863364340326065,3.142
387,/home/htj/resisc45/imgs450/airplane_s0005460.png,airplane,airport,airport,0,1782538099.7013788,1782538100.8692896,1.1679108142852783,3.6077321201279053,3.142
388,/home/htj/resisc45/imgs450/freeway_s0005462.png,freeway,freeway,freeway,1,1782538100.870772,1782538102.1161728,1.2454009056091309,3.822361815842715,3.144
389,/home/htj/resisc45/imgs450/industrial_area_s0005463.png,industrial_area,industrial area,industrial_area,1,1782538102.1175146,1782538103.4389632,1.321448564529419,4.063289154857397,3.144
390,/home/htj/resisc45/imgs450/lake_s0005464.png,lake,lake,lake,1,1782538103.4405403,1782538104.6099594,1.1694190502166748,3.6266608294844627,3.144
391,/home/htj/resisc45/imgs450/tennis_court_s0005466.png,tennis_court,airport,airport,0,1782538104.611393,1782538105.7782583,1.166865348815918,3.6101146941866196,3.142
392,/home/htj/resisc45/imgs450/rectangular_farmland_s0005468.png,rectangular_farmland,medium residential,medium_residential,0,1782538105.7797067,1782538107.0241995,1.244492769241333,3.836658071864735,3.144
393,/home/htj/resisc45/imgs450/sea_ice_s0005469.png,sea_ice,snowberg,snowberg,0,1782538107.025624,1782538108.259883,1.2342588901519775,3.810830426021056,3.144
394,/home/htj/resisc45/imgs450/freeway_s0005470.png,freeway,freeway,freeway,1,1782538108.2615309,1782538109.5096483,1.248117446899414,3.828735933303833,3.1438
395,/home/htj/resisc45/imgs450/lake_s0005471.png,lake,lake,lake,1,1782538109.511148,1782538110.6686745,1.1575264930725098,3.561014503288269,3.144
396,/home/htj/resisc45/imgs450/roundabout_s0005473.png,roundabout,roundabout,roundabout,1,1782538110.6700623,1782538111.8975248,1.2274625301361084,3.800391374555501,3.1439
397,/home/htj/resisc45/imgs450/industrial_area_s0005476.png,industrial_area,industrial area,industrial_area,1,1782538111.8988545,1782538113.2228415,1.3239870071411133,4.0990637741088864,3.144
398,/home/htj/resisc45/imgs450/freeway_s0005479.png,freeway,freeway,freeway,1,1782538113.2243786,1782538114.468633,1.2442543506622314,3.824498531840064,3.142
399,/home/htj/resisc45/imgs450/terrace_s0005481.png,terrace,forest,forest,0,1782538114.4701943,1782538115.6371124,1.1669180393218994,3.6009423667703357,3.144
400,/home/htj/resisc45/imgs450/snowberg_s0005484.png,snowberg,mountain,mountain,0,1782538115.6386516,1782538116.8831422,1.244490623474121,3.8253379055369985,3.144
401,/home/htj/resisc45/imgs450/industrial_area_s0005492.png,industrial_area,industrial area,industrial_area,1,1782538116.8847487,1782538118.1992133,1.3144645690917969,4.048836625969928,3.142
402,/home/htj/resisc45/imgs450/rectangular_farmland_s0005494.png,rectangular_farmland,medium residential,medium_residential,0,1782538118.2005775,1782538119.4399595,1.239382028579712,3.820226096456701,3.142
403,/home/htj/resisc45/imgs450/snowberg_s0005498.png,snowberg,mountain,mountain,0,1782538119.4415054,1782538120.6683288,1.226823329925537,3.7932262067361315,3.144
404,/home/htj/resisc45/imgs450/beach_s0005499.png,beach,lake,lake,0,1782538120.669673,1782538121.8341527,1.1644797325134277,3.590867335160573,3.142
405,/home/htj/resisc45/imgs450/harbor_s0005501.png,harbor,harbor,harbor,1,1782538121.8358898,1782538123.0847194,1.2488296031951904,3.814833847869526,3.142
406,/home/htj/resisc45/imgs450/lake_s0005502.png,lake,lake,lake,1,1782538123.086163,1782538124.255661,1.1694979667663574,3.5968188419796174,3.144
407,/home/htj/resisc45/imgs450/tennis_court_s0005506.png,tennis_court,golf course,golf_course,0,1782538124.2570443,1782538125.567679,1.3106346130371094,4.066956188367761,3.144
408,/home/htj/resisc45/imgs450/church_s0005507.png,church,airport,airport,0,1782538125.5694654,1782538126.743346,1.1738805770874023,3.7056055874143325,3.345
409,/home/htj/resisc45/imgs450/chaparral_s0005512.png,chaparral,chaparral,chaparral,1,1782538126.7447574,1782538128.0608003,1.3160429000854492,4.0913580358823145,3.144
410,/home/htj/resisc45/imgs450/airplane_s0005514.png,airplane,airport,airport,0,1782538128.062312,1782538129.223961,1.161649227142334,3.6031454902887345,3.1421
411,/home/htj/resisc45/imgs450/beach_s0005517.png,beach,beach,beach,1,1782538129.2254236,1782538130.469079,1.2436554431915283,3.8318105644246807,3.144
412,/home/htj/resisc45/imgs450/beach_s0005520.png,beach,beach,beach,1,1782538130.4705946,1782538131.7155054,1.244910717010498,3.8365884824232626,3.142
413,/home/htj/resisc45/imgs450/industrial_area_s0005528.png,industrial_area,industrial area,industrial_area,1,1782538131.717209,1782538133.0414598,1.3242506980895996,4.091416472041089,3.144
414,/home/htj/resisc45/imgs450/roundabout_s0005531.png,roundabout,airport,airport,0,1782538133.0430417,1782538134.1818438,1.1388020515441895,3.577248387245905,3.241
415,/home/htj/resisc45/imgs450/airport_s0005542.png,airport,airport,airport,1,1782538134.1837604,1782538135.3555832,1.1718227863311768,3.8183566487176077,3.548
416,/home/htj/resisc45/imgs450/circular_farmland_s0005551.png,circular_farmland,Circular farmland,circular_farmland,1,1782538135.3569024,1782538136.6801896,1.3232872486114502,4.361842442564343,3.6370999999999998
417,/home/htj/resisc45/imgs450/ground_track_field_s0005555.png,ground_track_field,golf course,golf_course,0,1782538136.6819394,1782538137.9969718,1.3150324821472168,4.281197831670443,3.545
418,/home/htj/resisc45/imgs450/harbor_s0005558.png,harbor,marina,,0,1782538137.9986005,1782538139.2447698,1.2461693286895752,4.1040887518579305,3.647
419,/home/htj/resisc45/imgs450/parking_lot_s0005561.png,parking_lot,airport,airport,0,1782538139.2461562,1782538140.416522,1.170365810394287,3.8690621740477424,3.548
420,/home/htj/resisc45/imgs450/chaparral_s0005565.png,chaparral,chaparral,chaparral,1,1782538140.418221,1782538141.743984,1.3257629871368408,4.318528825925744,3.548
421,/home/htj/resisc45/imgs450/industrial_area_s0005573.png,industrial_area,industrial area,industrial_area,1,1782538141.7455628,1782538143.056942,1.3113791942596436,4.342085793793202,3.649
422,/home/htj/resisc45/imgs450/airplane_s0005575.png,airplane,airport,airport,0,1782538143.0583575,1782538144.2276728,1.1693153381347656,3.8389207208633427,3.5501
423,/home/htj/resisc45/imgs450/wetland_s0005583.png,wetland,beach,beach,0,1782538144.2290142,1782538145.4654956,1.2364814281463623,4.12894871078838,3.74295
424,/home/htj/resisc45/imgs450/ground_track_field_s0005584.png,ground_track_field,golf course,golf_course,0,1782538145.466902,1782538146.776139,1.309237003326416,4.3203113409332605,3.545
425,/home/htj/resisc45/imgs450/river_s0005593.png,river,river,river,1,1782538146.7773373,1782538147.9461894,1.1688520908355713,3.8356716255119867,3.545
426,/home/htj/resisc45/imgs450/thermal_power_station_s0005598.png,thermal_power_station,industrial area,industrial_area,0,1782538147.9479017,1782538149.2762964,1.3283946514129639,4.350203701931497,3.548
427,/home/htj/resisc45/imgs450/river_s0005601.png,river,river,river,1,1782538149.2778158,1782538150.450324,1.1725082397460938,3.8478370404924664,3.545
428,/home/htj/resisc45/imgs450/freeway_s0005602.png,freeway,airport,airport,0,1782538150.4519784,1782538151.6059608,1.153982400894165,3.799349676086789,3.548
429,/home/htj/resisc45/imgs450/mountain_s0005604.png,mountain,mountain,mountain,1,1782538151.60733,1782538152.8564756,1.2491455078125,4.069772843794389,3.548
430,/home/htj/resisc45/imgs450/harbor_s0005611.png,harbor,harbor,harbor,1,1782538152.8577363,1782538154.1034756,1.245739221572876,4.104823984102769,3.548
431,/home/htj/resisc45/imgs450/mountain_s0005614.png,mountain,forest,forest,0,1782538154.1051254,1782538155.2647166,1.1595911979675293,3.8125702030318123,3.548
432,/home/htj/resisc45/imgs450/circular_farmland_s0005617.png,circular_farmland,lake,lake,0,1782538155.266311,1782538156.4298182,1.1635072231292725,3.8295455121653417,3.649
433,/home/htj/resisc45/imgs450/circular_farmland_s0005618.png,circular_farmland,ground track field,ground_track_field,0,1782538156.4312906,1782538157.7545645,1.3232738971710205,4.355009462885235,3.6367999999999996
434,/home/htj/resisc45/imgs450/beach_s0005632.png,beach,beach,beach,1,1782538157.7559383,1782538158.9930964,1.2371580600738525,4.1197925745032045,3.647
435,/home/htj/resisc45/imgs450/thermal_power_station_s0005637.png,thermal_power_station,industrial area,industrial_area,0,1782538158.9946122,1782538160.307737,1.3131248950958252,4.358097386211156,3.647
436,/home/htj/resisc45/imgs450/airplane_s0005645.png,airplane,airport,airport,0,1782538160.308874,1782538161.4740312,1.1651573181152344,3.849796294784546,3.5530500000000003
437,/home/htj/resisc45/imgs450/ground_track_field_s0005673.png,ground_track_field,football field,,0,1782538161.475614,1782538162.7220044,1.2463903427124023,4.069139323649199,3.545
438,/home/htj/resisc45/imgs450/harbor_s0005681.png,harbor,harbor,harbor,1,1782538162.723549,1782538163.9712882,1.247739315032959,4.085892533345656,3.545
439,/home/htj/resisc45/imgs450/industrial_area_s0005686.png,industrial_area,industrial area,industrial_area,1,1782538163.9728706,1782538165.2963908,1.3235201835632324,4.339650048836418,3.548
440,/home/htj/resisc45/imgs450/harbor_s0005692.png,harbor,harbor,harbor,1,1782538165.2980902,1782538166.540728,1.2426378726959229,4.157109933770221,3.6488
441,/home/htj/resisc45/imgs450/thermal_power_station_s0005709.png,thermal_power_station,industrial area,industrial_area,0,1782538166.5420115,1782538167.8330138,1.2910022735595703,4.743254614125127,4.153
442,/home/htj/resisc45/imgs450/ground_track_field_s0005716.png,ground_track_field,golf course,golf_course,0,1782538167.8345995,1782538169.1422575,1.3076579570770264,4.3268696158865225,3.545
443,/home/htj/resisc45/imgs450/harbor_s0005736.png,harbor,harbor,harbor,1,1782538169.143871,1782538170.389515,1.2456438541412354,4.13751930188049,3.64395
444,/home/htj/resisc45/imgs450/thermal_power_station_s0005756.png,thermal_power_station,industrial area,industrial_area,0,1782538170.3912044,1782538171.7166405,1.3254361152648926,4.315730444312096,3.54755
445,/home/htj/resisc45/imgs450/ground_track_field_s0005773.png,ground_track_field,golf course,golf_course,0,1782538171.7179801,1782538173.0405996,1.3226194381713867,4.342504646674446,3.6388999999999996
446,/home/htj/resisc45/imgs450/thermal_power_station_s0005776.png,thermal_power_station,industrial area,industrial_area,0,1782538173.0419178,1782538174.3618374,1.3199195861816406,4.298373129049937,3.548
447,/home/htj/resisc45/imgs450/harbor_s0005784.png,harbor,harbor,harbor,1,1782538174.363413,1782538175.6038477,1.2404346466064453,3.840780349644748,3.144
448,/home/htj/resisc45/imgs450/ground_track_field_s0005844.png,ground_track_field,airport,airport,0,1782538175.6054142,1782538176.7758338,1.170419692993164,3.6221145441872733,3.144
449,/home/htj/resisc45/imgs450/harbor_s0005888.png,harbor,harbor,harbor,1,1782538176.7771356,1782538178.0004845,1.22334885597229,3.8024595178990137,3.142
