t,tier,W_s,wall_s,status,incumbent,lp_bound,gap,n_int_vars
4,oracle,1035,0.11,Optimal,-54051.4501,-54051.1296,0.0,3780
60,oracle,1035,0.11,Optimal,-54053.6075,-54053.3547,0.0,3780
121,oracle,1035,0.12,Optimal,-54055.9458,-54055.4314,0.0,3780
180,oracle,1035,0.1,Optimal,-186845.5,-186845.5,0.0,3780
241,oracle,1035,0.09,Optimal,-183676.2,-183676.2,0.0,3780
302,oracle,1035,0.1,Optimal,-180504.5,-180504.5,0.0,3780
361,oracle,1035,0.1,Optimal,-177436.8,-177436.8,0.0,3780
421,oracle,1035,0.11,Optimal,-319705.4,-319705.4,0.0,3780
480,oracle,1035,0.1,Optimal,-313571.1337,-313571.1337,0.0,3780
540,oracle,1035,0.09,Optimal,-307333.9,-307333.9,0.0,3780
601,oracle,1035,0.11,Optimal,-300992.3,-300992.3,0.0,3780
660,oracle,1035,0.1,Optimal,-440122.8676,-440122.8676,0.0,3780
720,oracle,1035,0.1,Optimal,-430765.0,-430765.0,0.0,3780
780,oracle,1035,0.1,Optimal,-421406.8,-421406.8,0.0,3780
849,oracle,1035,0.09,Optimal,-410644.2337,-410644.2337,0.0,3780
904,oracle,1035,0.1,Optimal,-547194.7,-547194.7,0.0,3780
963,oracle,1035,0.1,Optimal,-534923.6,-534923.6,0.0,3780
1020,oracle,1035,0.1,Optimal,-523069.6337,-523069.6337,0.0,3780
1080,oracle,1035,0.1,Optimal,-510591.1337,-510591.1337,0.0,3780
1142,oracle,1035,0.09,Optimal,-497696.9676,-497696.9676,0.0,3780
1200,oracle,1035,0.1,Optimal,-485635.0337,-485635.0337,0.0,3780
1263,oracle,1035,0.11,Optimal,-472550.4106,-472550.4106,0.0,3780
1320,oracle,1035,0.1,Optimal,-460765.9676,-460765.9676,0.0,3780
1380,oracle,1035,0.1,Optimal,-448351.5256,-448351.5256,0.0,3780
1443,oracle,1035,0.1,Optimal,-430678.3726,-430678.3726,0.0,3780
1500,oracle,1035,0.09,Optimal,-406866.4996,-406866.4996,0.0,3780
1567,oracle,1035,0.1,Optimal,-378896.9956,-378896.9956,0.0,3780
1621,oracle,1035,0.1,Optimal,-356478.5366,-356478.5366,0.0,3780
1680,oracle,1035,0.1,Optimal,-331810.3227,-331810.3227,0.0,3780
1740,oracle,1035,0.09,Optimal,-313220.1167,-313220.1167,0.0,3780
1800,oracle,1035,0.1,Optimal,-296629.5667,-296629.5667,0.0,3780
1864,oracle,1035,0.1,Optimal,-278901.492,-278901.492,0.0,3780
1924,oracle,1035,0.09,Optimal,-262149.828,-262149.828,0.0,3780
1984,oracle,1035,0.1,Optimal,-246631.752,-246631.752,0.0,3780
2040,oracle,1035,0.1,Optimal,-235030.401,-235030.401,0.0,3780
2102,oracle,1035,0.11,Optimal,-222098.115,-222098.115,0.0,3780
2160,oracle,1035,0.1,Optimal,-210146.984,-210146.984,0.0,3780
2225,oracle,1035,0.1,Optimal,-196574.648,-196574.648,0.0,3780
2281,oracle,1035,0.1,Optimal,-184802.649,-184802.649,0.0,3780
2340,oracle,1035,0.1,Optimal,-172672.296,-172672.296,0.0,3780
2401,oracle,1035,0.1,Optimal,-159914.6377,-159914.6377,0.0,3780
2460,oracle,1035,0.1,Optimal,-147427.2287,-147427.2287,0.0,3780
2521,oracle,1035,0.1,Optimal,-134666.682,-134666.682,0.0,3780
2580,oracle,1035,0.1,Optimal,-122499.8352,-122499.8352,0.0,3780
2640,oracle,1035,0.11,Optimal,-110011.5555,-110011.5555,0.0,3780
2700,oracle,1035,0.1,Optimal,-97534.5824,-97534.5824,0.0,3780
2760,oracle,1035,0.11,Optimal,-86110.4691,-86110.3314,0.0,3780
2824,oracle,1035,0.1,Optimal,-76221.1532,-76220.8157,0.0,3780
2880,oracle,1035,0.1,Optimal,-67860.4212,-67859.9841,0.0,3780
2940,oracle,1035,0.11,Optimal,-61433.6854,-61432.5893,0.0,3780
3001,oracle,1035,0.11,Optimal,-54998.0182,-54997.3694,0.0,3780
3062,oracle,1035,0.12,Optimal,-48721.3753,-48720.1235,0.0,3780
3120,oracle,1035,0.12,Optimal,-42717.9218,-42716.9944,0.0,3780
3180,oracle,1035,0.11,Optimal,-36413.9307,-36413.7222,0.0,3780
3242,oracle,1035,0.11,Optimal,-30075.9699,-30075.9666,0.0,3780
3302,oracle,1035,0.12,Optimal,-23727.1231,-23727.1163,0.0,3780
3363,oracle,1035,0.13,Optimal,-17403.449,-17403.4384,0.0,3780
3426,oracle,1035,0.13,Optimal,-10875.2704,-10875.2599,0.0,3780
3481,oracle,1035,0.13,Optimal,-7644.0073,-7642.0534,0.0003,3780
3540,oracle,1035,0.13,Optimal,-4603.7009,-4602.7218,0.0002,3780
3601,oracle,1035,0.14,Optimal,-1407.7028,-1406.7263,0.0007,3780
3660,oracle,1035,0.6,Optimal,-24.8898,-24.8898,0.0,3780
3720,oracle,1035,0.13,Optimal,-25.1176,-25.1168,0.0,3780
3781,oracle,1035,0.13,Optimal,-26.7717,-26.7708,0.0,3780
3841,oracle,1035,0.13,Optimal,-27.7843,-27.7843,0.0,3780
3901,oracle,1035,0.13,Optimal,-28.3147,-28.3113,0.0001,3780
3960,oracle,1035,0.12,Optimal,-28.8824,-28.8788,0.0001,3780
4020,oracle,1035,0.13,Optimal,-29.4111,-29.4058,0.0002,3780
4081,oracle,1035,0.12,Optimal,-29.0362,-29.0328,0.0001,3780
4140,oracle,1035,0.12,Optimal,-31.249,-31.2463,0.0001,3780
4200,oracle,1035,0.12,Optimal,-31.9642,-31.9598,0.0001,3780
4260,oracle,1035,0.12,Optimal,-33.6173,-33.6138,0.0001,3780
4320,oracle,1035,0.12,Optimal,-33.0596,-33.0543,0.0002,3780
4380,oracle,1035,0.12,Optimal,-33.3975,-33.3948,0.0001,3780
4440,oracle,1035,0.12,Optimal,-32.9523,-32.9488,0.0001,3780
4500,oracle,1035,0.12,Optimal,-34.9802,-34.9758,0.0001,3780
4560,oracle,1035,0.21,Optimal,-35.9163,-35.9163,0.0,3780
4622,oracle,1035,0.12,Optimal,-36.3334,-36.3298,0.0001,3780
4682,oracle,1035,0.12,Optimal,-37.4595,-37.4568,0.0001,3780
4742,oracle,1035,0.12,Optimal,-37.9161,-37.9108,0.0001,3780
4801,oracle,1035,0.21,Optimal,-38.7378,-38.7378,0.0,3780
4861,oracle,1035,0.12,Optimal,-38.8954,-38.8918,0.0001,3780
4925,oracle,1035,0.12,Optimal,-39.9475,-39.9458,0.0,3780
4980,oracle,1035,0.12,Optimal,-40.6628,-40.6593,0.0001,3780
5040,oracle,1035,0.21,Optimal,-40.8133,-40.8133,0.0,3780
5101,oracle,1035,0.22,Optimal,-40.7403,-40.7403,0.0,3780
5160,oracle,1035,0.13,Optimal,-42.243,-42.2403,0.0001,3780
5222,oracle,1035,0.12,Optimal,-42.5816,-42.5808,0.0,3780
5280,oracle,1035,0.13,Optimal,-43.4105,-43.4078,0.0001,3780
5340,oracle,1035,0.12,Optimal,-43.2645,-43.2618,0.0001,3780
5400,oracle,1035,0.38,Optimal,-43.6023,-43.6023,0.0,3780
5464,oracle,1035,0.12,Optimal,-45.2176,-45.2158,0.0,3780
5520,oracle,1035,0.12,Optimal,-46.6445,-46.6428,0.0,3780
5581,oracle,1035,0.12,Optimal,-46.9851,-46.9833,0.0,3780
5640,oracle,1035,0.12,Optimal,-47.2121,-47.2103,0.0,3780
5700,oracle,1035,0.12,Optimal,-48.0392,-48.0373,0.0,3780
5763,oracle,1035,0.13,Optimal,-49.9534,-49.9508,0.0001,3780
5823,oracle,1035,0.62,Optimal,-51.6778,-51.6778,0.0,3780
5881,oracle,1035,0.13,Optimal,-51.72,-51.7183,0.0,3780
5942,oracle,1035,0.13,Optimal,-135159.9458,-135159.9443,0.0,3780
6002,oracle,1035,0.12,Optimal,-132039.9911,-132039.9902,0.0,3780
6062,oracle,1035,0.12,Optimal,-128920.1548,-128920.1523,0.0,3780
6120,oracle,1035,0.12,Optimal,-125904.1995,-125904.1979,0.0,3780
6180,oracle,1035,0.11,Optimal,-255767.4632,-255766.7467,0.0,3780
6240,oracle,1035,0.1,Optimal,-249528.0427,-249526.6917,0.0,3780
6300,oracle,1035,0.1,Optimal,-243288.7661,-243288.0234,0.0,3780
6364,oracle,1035,0.1,Optimal,-236632.3464,-236631.4096,0.0,3780
6421,oracle,1035,0.1,Optimal,-363340.0608,-363339.8447,0.0,3780
6480,oracle,1035,0.1,Optimal,-354184.9373,-354184.7389,0.0,3780
6540,oracle,1035,0.1,Optimal,-344826.2742,-344825.9904,0.0,3780
6601,oracle,1035,0.1,Optimal,-335312.4745,-335312.1776,0.0,3780
6661,oracle,1035,0.1,Optimal,-465018.5073,-465018.5073,0.0,3780
6723,oracle,1035,0.1,Optimal,-452124.9073,-452124.9073,0.0,3780
6783,oracle,1035,0.09,Optimal,-439646.7073,-439646.7073,0.0,3780
6840,oracle,1035,0.09,Optimal,-427792.2073,-427792.2073,0.0,3780
6900,oracle,1035,0.09,Optimal,-415314.3073,-415314.3073,0.0,3780
6960,oracle,1035,0.09,Optimal,-402812.5353,-402812.5353,0.0,3780
7020,oracle,1035,0.09,Optimal,-390406.7873,-390406.7873,0.0,3780
7083,oracle,1035,0.09,Optimal,-377273.8313,-377273.8313,0.0,3780
7140,oracle,1035,0.09,Optimal,-365418.8963,-365418.8963,0.0,3780
7200,oracle,1035,0.09,Optimal,-352895.3183,-352895.3183,0.0,3780
7260,oracle,1035,0.09,Optimal,-340373.6953,-340373.6953,0.0,3780
7320,oracle,1035,0.09,Optimal,-327935.1393,-327935.1393,0.0,3780
7380,oracle,1035,0.09,Optimal,-315533.8993,-315533.8993,0.0,3780
7440,oracle,1035,0.09,Optimal,-302857.4773,-302857.4773,0.0,3780
7501,oracle,1035,0.09,Optimal,-290088.9503,-290088.9503,0.0,3780
7560,oracle,1035,0.09,Optimal,-277840.2023,-277840.2023,0.0,3780
7622,oracle,1035,0.1,Optimal,-264990.7143,-264990.7143,0.0,3780
7680,oracle,1035,0.1,Optimal,-252937.7383,-252937.7383,0.0,3780
7744,oracle,1035,0.09,Optimal,-239639.7573,-239639.7573,0.0,3780
7800,oracle,1035,0.09,Optimal,-227958.3813,-227958.3813,0.0,3780
7862,oracle,1035,0.09,Optimal,-215137.5243,-215137.5243,0.0,3780
7922,oracle,1035,0.1,Optimal,-202662.3123,-202662.3123,0.0,3780
7980,oracle,1035,0.1,Optimal,-190728.4743,-190728.4743,0.0,3780
8041,oracle,1035,0.09,Optimal,-178168.4533,-178168.4533,0.0,3780
8100,oracle,1035,0.09,Optimal,-165815.7903,-165815.7903,0.0,3780
8165,oracle,1035,0.1,Optimal,-152432.0003,-152432.0003,0.0,3780
8220,oracle,1035,0.09,Optimal,-141015.7823,-141015.7823,0.0,3780
8281,oracle,1035,0.09,Optimal,-128381.0723,-128381.0723,0.0,3780
8340,oracle,1035,0.09,Optimal,-116171.6753,-116171.6753,0.0,3780
8402,oracle,1035,0.09,Optimal,-103294.1466,-103294.1466,0.0,3780
8461,oracle,1035,0.09,Optimal,-90678.8188,-90678.8188,0.0,3780
8521,oracle,1035,0.09,Optimal,-78262.2585,-78262.2585,0.0,3780
8582,oracle,1035,0.1,Optimal,-68107.1528,-68107.012,0.0,3780
8640,oracle,1035,0.1,Optimal,-58977.2632,-58977.0153,0.0,3780
8702,oracle,1035,0.1,Optimal,-49228.6565,-49228.3238,0.0,3780
8763,oracle,1035,0.1,Optimal,-40907.4984,-40906.9354,0.0,3780
8821,oracle,1035,0.1,Optimal,-34988.4725,-34987.9894,0.0,3780
8881,oracle,1035,0.1,Optimal,-28651.0715,-28650.9695,0.0,3780
8941,oracle,1035,0.11,Optimal,-22411.3202,-22411.3191,0.0,3780
9001,oracle,1035,0.12,Optimal,-17785.151,-17785.1483,0.0,3780
9060,oracle,1035,0.13,Optimal,-14715.2539,-14715.2444,0.0,3780
9120,oracle,1035,0.13,Optimal,-11586.9443,-11586.453,0.0,3780
9181,oracle,1035,0.12,Optimal,-8373.172,-8372.1956,0.0001,3780
9240,oracle,1035,0.13,Optimal,-5197.1765,-5196.6878,0.0001,3780
9300,oracle,1035,0.15,Optimal,-2064.9301,-2064.4413,0.0002,3780
9360,oracle,1035,0.14,Optimal,-107.2183,-107.2175,0.0,3780
9420,oracle,1035,0.13,Optimal,-107.9732,-107.9715,0.0,3780
9480,oracle,1035,0.13,Optimal,-107.6406,-107.639,0.0,3780
9540,oracle,1035,0.13,Optimal,-107.6812,-107.6795,0.0,3780
9601,oracle,1035,0.12,Optimal,-108.6217,-108.62,0.0,3780
9660,oracle,1035,0.13,Optimal,-108.7379,-108.7335,0.0,3780
9722,oracle,1035,0.13,Optimal,-108.964,-108.9605,0.0,3780
9781,oracle,1035,0.12,Optimal,-109.6794,-109.674,0.0,3780
9840,oracle,1035,0.12,Optimal,-110.2045,-110.201,0.0,3780
9901,oracle,1035,0.12,Optimal,-110.7312,-110.2415,0.0044,3780
9960,oracle,1035,0.12,Optimal,-111.1855,-111.182,0.0,3780
10021,oracle,1035,0.12,Optimal,-111.5251,-111.5225,0.0,3780
10084,oracle,1035,0.12,Optimal,-112.5809,-112.5765,0.0,3780
10140,oracle,1035,0.12,Optimal,-113.8926,-113.89,0.0,3780
10200,oracle,1035,0.12,Optimal,-114.7214,-114.717,0.0,3780
10260,oracle,1035,0.12,Optimal,-114.5763,-114.571,0.0,3780
10320,oracle,1035,0.12,Optimal,-115.5142,-115.5115,0.0,3780
10380,oracle,1035,0.12,Optimal,-116.0429,-116.0385,0.0,3780
10444,oracle,1035,0.12,Optimal,-116.9402,-116.9385,0.0,3780
10500,oracle,1035,0.12,Optimal,-116.1221,-116.1195,0.0,3780
10560,oracle,1035,0.12,Optimal,-116.2762,-116.2735,0.0,3780
10621,oracle,1035,0.13,Optimal,-117.1802,-116.687,0.0042,3780
10680,oracle,1035,0.12,Optimal,-116.6157,-116.614,0.0,3780
10740,oracle,1035,0.12,Optimal,-117.6314,-117.141,0.0042,3780
10801,oracle,1035,0.13,Optimal,-117.4859,-117.4815,0.0,3780
10860,oracle,1035,0.12,Optimal,-118.8391,-118.8355,0.0,3780
10923,oracle,1035,0.13,Optimal,-120.5642,-120.5625,0.0,3780
10984,oracle,1035,0.13,Optimal,-120.6813,-120.676,0.0,3780
11045,oracle,1035,0.13,Optimal,-120.9444,-120.9435,0.0,3780
11100,oracle,1035,0.12,Optimal,-120.9884,-120.984,0.0,3780
11160,oracle,1035,0.13,Optimal,-121.1389,-121.138,0.0,3780
11224,oracle,1035,0.12,Optimal,-121.2957,-121.292,0.0,3780
11282,oracle,1035,0.12,Optimal,-121.5216,-121.519,0.0,3780
11343,oracle,1035,0.12,Optimal,-121.7478,-121.746,0.0,3780
11402,oracle,1035,0.12,Optimal,-121.789,-121.7865,0.0,3780
11460,oracle,1035,0.12,Optimal,-122.7296,-122.727,0.0,3780
11522,oracle,1035,0.12,Optimal,-123.1828,-123.181,0.0,3780
11581,oracle,1035,0.12,Optimal,-123.2241,-123.2215,0.0,3780
11640,oracle,1035,0.13,Optimal,-127747.1429,-127747.1411,0.0,3780
11700,oracle,1035,0.12,Optimal,-124627.8627,-124627.8617,0.0,3780
11761,oracle,1035,0.12,Optimal,-121455.7239,-121455.7205,0.0,3780
11820,oracle,1035,0.12,Optimal,-118387.2838,-118387.2806,0.0,3780
11881,oracle,1035,0.11,Optimal,-240660.68,-240660.6792,0.0,3780
11941,oracle,1035,0.11,Optimal,-234420.5463,-234420.5457,0.0,3780
12002,oracle,1035,0.11,Optimal,-228076.1277,-228075.9287,0.0,3780
12060,oracle,1035,0.1,Optimal,-222044.2113,-222044.0991,0.0,3780
12120,oracle,1035,0.1,Optimal,-340617.5598,-340617.4933,0.0,3780
12181,oracle,1035,0.1,Optimal,-331101.7724,-331101.5466,0.0,3780
12243,oracle,1035,0.1,Optimal,-321429.6424,-321429.6417,0.0,3780
12300,oracle,1035,0.1,Optimal,-312538.6044,-312538.1515,0.0,3780
12361,oracle,1035,0.09,Optimal,-434811.855,-434811.855,0.0,3780
12420,oracle,1035,0.09,Optimal,-422542.855,-422542.855,0.0,3780
12480,oracle,1035,0.09,Optimal,-410064.355,-410064.355,0.0,3780
12543,oracle,1035,0.09,Optimal,-396961.255,-396961.255,0.0,3780
12601,oracle,1035,0.09,Optimal,-384898.755,-384898.755,0.0,3780
12660,oracle,1035,0.09,Optimal,-372627.955,-372627.955,0.0,3780
12725,oracle,1035,0.09,Optimal,-359112.21,-359112.21,0.0,3780
12781,oracle,1035,0.09,Optimal,-347556.59,-347556.59,0.0,3780
12840,oracle,1035,0.09,Optimal,-335315.57,-335315.57,0.0,3780
12900,oracle,1035,0.09,Optimal,-322836.13,-322836.13,0.0,3780
12960,oracle,1035,0.09,Optimal,-310475.69,-310475.69,0.0,3780
13021,oracle,1035,0.09,Optimal,-297835.427,-297835.427,0.0,3780
13081,oracle,1035,0.09,Optimal,-285385.01,-285385.01,0.0,3780
13142,oracle,1035,0.09,Optimal,-272559.605,-272559.605,0.0,3780
13203,oracle,1035,0.09,Optimal,-259722.895,-259722.895,0.0,3780
13263,oracle,1035,0.1,Optimal,-247107.838,-247107.838,0.0,3780
13320,oracle,1035,0.09,Optimal,-235287.175,-235287.175,0.0,3780
13382,oracle,1035,0.09,Optimal,-222562.258,-222562.258,0.0,3780
13441,oracle,1035,0.09,Optimal,-210164.58,-210164.58,0.0,3780
13501,oracle,1035,0.09,Optimal,-197494.3,-197494.3,0.0,3780
13560,oracle,1035,0.09,Optimal,-185073.395,-185073.395,0.0,3780
13620,oracle,1035,0.09,Optimal,-172520.333,-172520.333,0.0,3780
13681,oracle,1035,0.09,Optimal,-160016.981,-160016.981,0.0,3780
13740,oracle,1035,0.1,Optimal,-147889.324,-147889.324,0.0,3780
13800,oracle,1035,0.1,Optimal,-135481.305,-135481.305,0.0,3780
13861,oracle,1035,0.1,Optimal,-122756.233,-122756.233,0.0,3780
13921,oracle,1035,0.1,Optimal,-110141.376,-110141.376,0.0,3780
13981,oracle,1035,0.1,Optimal,-97707.9212,-97707.9212,0.0,3780
14044,oracle,1035,0.1,Optimal,-84570.3155,-84570.3155,0.0,3780
14103,oracle,1035,0.1,Optimal,-72738.7206,-72738.4878,0.0,3780
14160,oracle,1035,0.1,Optimal,-63818.5161,-63818.3093,0.0,3780
14220,oracle,1035,0.1,Optimal,-54455.3276,-54455.0689,0.0,3780
14281,oracle,1035,0.1,Optimal,-44892.8484,-44892.5974,0.0,3780
14340,oracle,1035,0.13,Optimal,-38291.835,-38291.3478,0.0,3780
14400,oracle,1035,0.13,Optimal,-31866.6325,-31866.6093,0.0,3780
14462,oracle,1035,0.11,Optimal,-25343.4131,-25343.3721,0.0,3780
14520,oracle,1035,0.11,Optimal,-19283.8658,-19283.5571,0.0,3780
14580,oracle,1035,0.11,Optimal,-16081.7014,-16081.7005,0.0,3780
14641,oracle,1035,0.12,Optimal,-12919.8506,-12919.8446,0.0,3780
14702,oracle,1035,0.12,Optimal,-9765.1876,-9764.211,0.0001,3780
14762,oracle,1035,0.12,Optimal,-6614.5095,-6614.0209,0.0001,3780
14823,oracle,1035,0.12,Optimal,-3397.568,-3397.0792,0.0001,3780
14881,oracle,1035,0.13,Optimal,-365.0568,-365.0542,0.0,3780
14940,oracle,1035,0.13,Optimal,-177.4105,-177.407,0.0,3780
15001,oracle,1035,0.13,Optimal,-177.377,-177.3745,0.0,3780
15060,oracle,1035,0.13,Optimal,-176.8159,-176.815,0.0,3780
15122,oracle,1035,0.13,Optimal,-176.9709,-176.969,0.0,3780
15180,oracle,1035,0.13,Optimal,-177.313,-177.3095,0.0,3780
15241,oracle,1035,0.12,Optimal,-179.1517,-179.15,0.0,3780
15302,oracle,1035,0.12,Optimal,-180.094,-180.0905,0.0,3780
15361,oracle,1035,0.12,Optimal,-180.3227,-180.3175,0.0,3780
15420,oracle,1035,0.11,Optimal,-179.9877,-179.985,0.0,3780
15481,oracle,1035,0.12,Optimal,-180.7417,-180.739,0.0,3780
15540,oracle,1035,0.12,Optimal,-182.7696,-182.766,0.0,3780
15600,oracle,1035,0.12,Optimal,-183.1108,-183.1065,0.0,3780
15661,oracle,1035,0.12,Optimal,-183.6352,-183.6335,0.0,3780
15720,oracle,1035,0.12,Optimal,-184.2766,-184.274,0.0,3780
15780,oracle,1035,0.12,Optimal,-186.978,-186.4875,0.0026,3780
15841,oracle,1035,0.12,Optimal,-186.8297,-186.828,0.0,3780
15901,oracle,1035,0.12,Optimal,-186.8712,-186.8685,0.0,3780
15960,oracle,1035,0.12,Optimal,-186.7995,-186.309,0.0026,3780
16020,oracle,1035,0.11,Optimal,-186.2406,-186.236,0.0,3780
16088,oracle,1035,0.12,Optimal,-186.6927,-186.69,0.0,3780
16140,oracle,1035,0.12,Optimal,-186.7364,-186.244,0.0026,3780
16201,oracle,1035,0.12,Optimal,-188.0862,-188.0845,0.0,3780
16260,oracle,1035,0.12,Optimal,-188.5007,-188.498,0.0,3780
16322,oracle,1035,0.12,Optimal,-189.8568,-189.3655,0.0026,3780
16380,oracle,1035,0.11,Optimal,-189.2942,-189.2925,0.0,3780
16440,oracle,1035,0.12,Optimal,-190.9103,-190.906,0.0,3780
16502,oracle,1035,0.12,Optimal,-191.4347,-191.433,0.0,3780
16560,oracle,1035,0.12,Optimal,-191.9636,-191.96,0.0,3780
16622,oracle,1035,0.17,Optimal,-192.4175,-192.414,0.0,3780
16681,oracle,1035,0.22,Optimal,-191.858,-191.8545,0.0,3780
16740,oracle,1035,0.12,Optimal,-192.4581,-192.4545,0.0,3780
16801,oracle,1035,0.12,Optimal,-192.6842,-192.6815,0.0,3780
16861,oracle,1035,0.17,Optimal,-192.6534,-192.649,0.0,3780
16920,oracle,1035,0.11,Optimal,-193.853,-193.3625,0.0025,3780
16980,oracle,1035,0.17,Optimal,-193.4066,-193.403,0.0,3780
17040,oracle,1035,0.18,Optimal,-195.1327,-195.13,0.0,3780
